Date,Town,Case,Rate
4/14/2020,Abington,54,300.65
4/14/2020,Acton,35,147.48
4/14/2020,Acushnet,16,153.06
4/14/2020,Adams,25,301.91
4/14/2020,Agawam,168,587.32
4/14/2020,Alford,0,0.00
4/14/2020,Amesbury,23,138.18
4/14/2020,Amherst,11,27.16
4/14/2020,Andover,51,141.61
4/14/2020,Aquinnah,0,0.00
4/14/2020,Arlington,94,205.20
4/14/2020,Ashburnham,7,111.47
4/14/2020,Ashby,7,202.46
4/14/2020,Ashfield,,
4/14/2020,Ashland,63,323.20
4/14/2020,Athol,28,234.01
4/14/2020,Attleboro,210,453.88
4/14/2020,Auburn,34,206.16
4/14/2020,Avon,24,547.86
4/14/2020,Ayer,27,334.16
4/14/2020,Barnstable,94,209.61
4/14/2020,Barre,12,215.91
4/14/2020,Becket,10,555.42
4/14/2020,Bedford,81,543.76
4/14/2020,Belchertown,25,157.01
4/14/2020,Bellingham,33,184.60
4/14/2020,Belmont,118,432.14
4/14/2020,Berkley,17,250.73
4/14/2020,Berlin,8,250.53
4/14/2020,Bernardston,,
4/14/2020,Beverly,150,364.37
4/14/2020,Billerica,134,307.46
4/14/2020,Blackstone,19,210.08
4/14/2020,Blandford,,
4/14/2020,Bolton,,
4/14/2020,Boston,4609,663.20
4/14/2020,Bourne,83,396.75
4/14/2020,Boxborough,7,137.05
4/14/2020,Boxford,15,194.37
4/14/2020,Boylston,9,200.5
4/14/2020,Braintree,308,782.53
4/14/2020,Brewster,16,161.42
4/14/2020,Bridgewater,103,362.08
4/14/2020,Brimfield,,
4/14/2020,Brockton,1202,1223.43
4/14/2020,Brookfield,5,136.55
4/14/2020,Brookline,144,223.66
4/14/2020,Buckland,,
4/14/2020,Burlington,91,329.19
4/14/2020,Cambridge,471,417.61
4/14/2020,Canton,113,489.93
4/14/2020,Carlisle,5,104.85
4/14/2020,Carver,18,147.83
4/14/2020,Charlemont,0,0
4/14/2020,Charlton,15,106.59
4/14/2020,Chatham,6,102.46
4/14/2020,Chelmsford,113,314.05
4/14/2020,Chelsea,712,1890.37
4/14/2020,Cheshire,,
4/14/2020,Chester,,
4/14/2020,Chesterfield,0,0.00
4/14/2020,Chicopee,142,249.06
4/14/2020,Chilmark,0,0.00
4/14/2020,Clarksburg,6,356.42
4/14/2020,Clinton,33,234.45
4/14/2020,Cohasset,14,189.20
4/14/2020,Colrain,,
4/14/2020,Concord,23,122.83
4/14/2020,Conway,,
4/14/2020,Cummington,,
4/14/2020,Dalton,6,91.99
4/14/2020,Danvers,190,665.36
4/14/2020,Dartmouth,64,173.82
4/14/2020,Dedham,125,460.83
4/14/2020,Deerfield,,
4/14/2020,Dennis,26,196.62
4/14/2020,Dighton,13,165.69
4/14/2020,Douglas,18,191.50
4/14/2020,Dover,14,268.65
4/14/2020,Dracut,136,420.98
4/14/2020,Dudley,19,153.43
4/14/2020,Dunstable,,
4/14/2020,Duxbury,25,165.20
4/14/2020,East Bridgewater,87,589.58
4/14/2020,East Brookfield,,
4/14/2020,East Longmeadow,55,325.16
4/14/2020,Eastham,6,129.13
4/14/2020,Easthampton,26,160.36
4/14/2020,Easton,113,476.83
4/14/2020,Edgartown,,
4/14/2020,Egremont,,
4/14/2020,Erving,,
4/14/2020,Essex,8,215.01
4/14/2020,Everett,444,914.78
4/14/2020,Fairhaven,37,230.81
4/14/2020,Fall River,150,167.70
4/14/2020,Falmouth,96,307.19
4/14/2020,Fitchburg,97,2
4/14/2020,Florida,,
4/14/2020,Foxborough,43,237.40
4/14/2020,Framingham,263,353.18
4/14/2020,Franklin,37,109.43
4/14/2020,Freetown,22,243.14
4/14/2020,Gardner,61,305.15
4/14/2020,Georgetown,18,201.48
4/14/2020,Gill,,
4/14/2020,Gloucester,65,227.07
4/14/2020,Goshen,,
4/14/2020,Gosnold,0,0.00
4/14/2020,Grafton,33,165.46
4/14/2020,Granby,12,195.39
4/14/2020,Granville,6,385.53
4/14/2020,Great Barrington,30,441.45
4/14/2020,Greenfield,94,541.34
4/14/2020,Groton,15,128.81
4/14/2020,Groveland,6,87.80
4/14/2020,Hadley,15,260.85
4/14/2020,Halifax,20,261.73
4/14/2020,Hamilton,11,147.18
4/14/2020,Hampden,12,242.88
4/14/2020,Hancock,,
4/14/2020,Hanover,33,230.37
4/14/2020,Hanson,24,224.16
4/14/2020,Hardwick,,
4/14/2020,Harvard,11,158.79
4/14/2020,Harwich,29,230.84
4/14/2020,Hatfield,,
4/14/2020,Haverhill,217,329.56
4/14/2020,Heath,0,0.00
4/14/2020,Hawley,0,0.00
4/14/2020,Hingham,49,205.99
4/14/2020,Hinsdale,,
4/14/2020,Holbrook,64,566.62
4/14/2020,Holden,30,159.06
4/14/2020,Holland,5,195.29
4/14/2020,Holliston,18,130.58
4/14/2020,Holyoke,305,740.21
4/14/2020,Hopedale,7,123.26
4/14/2020,Hopkinton,21,128.72
4/14/2020,Hubbardston,,
4/14/2020,Hudson,49,233.93
4/14/2020,Hull,14,141.75
4/14/2020,Huntington,5,226.10
4/14/2020,Ipswich,23,171.04
4/14/2020,Kingston,24,176.95
4/14/2020,Lakeville,21,195.99
4/14/2020,Lancaster,11,185.99
4/14/2020,Lanesborough,,
4/14/2020,Lawrence,814,923.15
4/14/2020,Lee,10,170.07
4/14/2020,Leicester,14,124.29
4/14/2020,Lenox,10,204.99
4/14/2020,Leominster,94,206.94
4/14/2020,Leverett,,
4/14/2020,Lexington,149,437.65
4/14/2020,Leyden,0,0.00
4/14/2020,Lincoln,16,194.91
4/14/2020,Littleton,69,710.01
4/14/2020,Longmeadow,129,925.29
4/14/2020,Lowell,598,511.73
4/14/2020,Ludlow,28,134.20
4/14/2020,Lunenburg,21,201.79
4/14/2020,Lynn,745,739.33
4/14/2020,Lynnfield,44,377.71
4/14/2020,Malden,379,559.39
4/14/2020,Manchester,9,181.95
4/14/2020,Mansfield,60,253.85
4/14/2020,Marblehead,52,270.59
4/14/2020,Marion,,
4/14/2020,Marlborough,177,407.47
4/14/2020,Marshfield,67,259.09
4/14/2020,Mashpee,29,192.09
4/14/2020,Mattapoisett,9,139.37
4/14/2020,Maynard,20,191.67
4/14/2020,Medfield,16,140.35
4/14/2020,Medford,350,575.52
4/14/2020,Medway,27,206.42
4/14/2020,Melrose,96,297.35
4/14/2020,Mendon,9,155.36
4/14/2020,Merrimac,,
4/14/2020,Methuen,273,509.79
4/14/2020,Middleborough,51,199.44
4/14/2020,Middlefield,0,0.00
4/14/2020,Middleton,64,620.20
4/14/2020,Milford,71,242.29
4/14/2020,Millbury,60,439.33
4/14/2020,Millis,18,227.97
4/14/2020,Millville,,
4/14/2020,Milton,112,391.20
4/14/2020,Monroe,0,0.00
4/14/2020,Monson,10,110.55
4/14/2020,Montague,10,116.98
4/14/2020,Monterey,0,0.00
4/14/2020,Montgomery,,
4/14/2020,Mount Washington,0,0.00
4/14/2020,Nahant,24,733.51
4/14/2020,Nantucket,9,79.37
4/14/2020,Natick,114,317.35
4/14/2020,Needham,114,388.92
4/14/2020,New Ashford,0,0.00
4/14/2020,New Bedford,165,165.74
4/14/2020,New Braintree,,
4/14/2020,New Marlborough,,
4/14/2020,New Salem,0,0
4/14/2020,Newbury,,
4/14/2020,Newburyport,30,168.50
4/14/2020,Newton,337,367.39
4/14/2020,Norfolk,14,113.40
4/14/2020,North Adams,29,222.10
4/14/2020,North Andover,88,290.92
4/14/2020,North Attleborough,71,234.98
4/14/2020,North Brookfield,,
4/14/2020,North Reading,46,278.20
4/14/2020,Northampton,59,201.04
4/14/2020,Northborough,48,350.60
4/14/2020,Northbridge,76,422.59
4/14/2020,Northfield,,
4/14/2020,Norton,47,236.62
4/14/2020,Norwell,30,280.25
4/14/2020,Norwood,229,760.49
4/14/2020,Oak Bluffs,,
4/14/2020,Oakham,,
4/14/2020,Orange,23,281.77
4/14/2020,Orleans,9,159.35
4/14/2020,Otis,,
4/14/2020,Oxford,15,108.83
4/14/2020,Palmer,12,100.89
4/14/2020,Paxton,8,161.64
4/14/2020,Peabody,227,407.06
4/14/2020,Pelham,,
4/14/2020,Pembroke,30,160.66
4/14/2020,Pepperell,15,122.14
4/14/2020,Peru,,
4/14/2020,Petersham,,
4/14/2020,Phillipston,7,408.35
4/14/2020,Pittsfield,111,250.69
4/14/2020,Plainfield,0,0
4/14/2020,Plainville,22,241.13
4/14/2020,Plymouth,108,174.09
4/14/2020,Plympton,,
4/14/2020,Princeton,,
4/14/2020,Provincetown,18,686.01
4/14/2020,Quincy,369,364.84
4/14/2020,Randolph,367,1012.50
4/14/2020,Raynham,84,562.36
4/14/2020,Reading,78,283.80
4/14/2020,Rehoboth,19,150.60
4/14/2020,Revere,470,171.55
4/14/2020,Richmond,5,376.53
4/14/2020,Rochester,7,124.17
4/14/2020,Rockland,64,354.84
4/14/2020,Rockport,15,228.86
4/14/2020,Rowe,0,0.00
4/14/2020,Rowley,10,161.98
4/14/2020,Royalston,,
4/14/2020,Russell,7,370.95
4/14/2020,Rutland,16,177.60
4/14/2020,Salem,181,402.06
4/14/2020,Salisbury,12,135.74
4/14/2020,Sandisfield,,
4/14/2020,Sandwich,50,237.70
4/14/2020,Saugus,137,481.96
4/14/2020,Savoy,,
4/14/2020,Scituate,49,270.40
4/14/2020,Seekonk,26,195.68
4/14/2020,Sharon,57,311.29
4/14/2020,Sheffield,9,291.54
4/14/2020,Shelburne,6,324.45
4/14/2020,Sherborn,,
4/14/2020,Shirley,15,177.96
4/14/2020,Shrewsbury,98,248.74
4/14/2020,Shutesbury,,
4/14/2020,Somerset,34,183.71
4/14/2020,Somerville,290,365.83
4/14/2020,South Hadley,38,209.95
4/14/2020,Southampton,19,3
4/14/2020,Southborough,21,215.99
4/14/2020,Southbridge,31,184.05
4/14/2020,Southwick,16,163.38
4/14/2020,Spencer,8,69.44
4/14/2020,Springfield,542,342.32
4/14/2020,Sterling,14,117.82
4/14/2020,Stockbridge,6,344.13
4/14/2020,Stoneham,129,578.37
4/14/2020,Stoughton,194,701.44
4/14/2020,Stow,7,97.09
4/14/2020,Sturbridge,17,162.80
4/14/2020,Sudbury,34,189.90
4/14/2020,Sunderland,5,131.53
4/14/2020,Sutton,18,200.34
4/14/2020,Swampscott,60,437.74
4/14/2020,Swansea,27,169.07
4/14/2020,Taunton,247,431.22
4/14/2020,Templeton,34,380.70
4/14/2020,Tewksbury,129,418.96
4/14/2020,Tisbury,,
4/14/2020,Tolland,0,0.00
4/14/2020,Topsfield,16,273.79
4/14/2020,Townsend,11,120.23
4/14/2020,Truro,8,405.10
4/14/2020,Tyngsborough,40,333.59
4/14/2020,Tyringham,,
4/14/2020,Upton,11,121.67
4/14/2020,Uxbridge,20,129.76
4/14/2020,Wakefield,119,440.66
4/14/2020,Wales,,
4/14/2020,Walpole,92,355.20
4/14/2020,Waltham,298,447.05
4/14/2020,Ware,10,98.63
4/14/2020,Wareham,34,141.96
4/14/2020,Warren,,
4/14/2020,Warwick,0,0.00
4/14/2020,Washington,,
4/14/2020,Watertown,110,331.60
4/14/2020,Wayland,26,195.75
4/14/2020,Webster,35,203.59
4/14/2020,Wellesley,75,252.23
4/14/2020,Wellfleet,,
4/14/2020,Wendell,0,0.00
4/14/2020,Wenham,7,134.46
4/14/2020,West Boylston,17,216.56
4/14/2020,West Bridgewater,26,358.74
4/14/2020,West Brookfield,5,134.79
4/14/2020,West Newbury,,
4/14/2020,West Springfield,110,313.42
4/14/2020,West Stockbridge,,
4/14/2020,West Tisbury,5,173.43
4/14/2020,Westborough,72,382.12
4/14/2020,Westfield,202,485.83
4/14/2020,Westford,50,216.08
4/14/2020,Westhampton,,
4/14/2020,Westminster,10,136.39
4/14/2020,Weston,56,504.79
4/14/2020,Westport,13,79.11
4/14/2020,Westwood,48,325.66
4/14/2020,Weymouth,267,476.25
4/14/2020,Whately,,
4/14/2020,Whitman,52,337.23
4/14/2020,Wilbraham,42,288.81
4/14/2020,Williamsburg,5,202.69
4/14/2020,Williamstown,74,1004.24
4/14/2020,Wilmington,140,574.40
4/14/2020,Winchendon,32,297.77
4/14/2020,Winchester,37,165.74
4/14/2020,Windsor,0,0.00
4/14/2020,Winthrop,81,429.77
4/14/2020,Woburn,117,281.99
4/14/2020,Worcester,886,461.77
4/14/2020,Worthington,0,0.00
4/14/2020,Wrentham,29,257.22
4/14/2020,Yarmouth,42,174.03
4/14/2020,Unknown,506,
4/14/2020,State Total,28163,487.76
4/22/2020,Abington,78,434.28
4/22/2020,Acton,50,210.68
4/22/2020,Acushnet,18,172.19
4/22/2020,Adams,29,350.21
4/22/2020,Agawam,244,853.02
4/22/2020,Alford,0,0
4/22/2020,Amesbury,32,192.25
4/22/2020,Amherst,16,39.51
4/22/2020,Andover,85,236.01
4/22/2020,Aquinnah,0,0
4/22/2020,Arlington,180,392.94
4/22/2020,Ashburnham,12,191.09
4/22/2020,Ashby,7,202.46
4/22/2020,Ashfield,,
4/22/2020,Ashland,84,430.93
4/22/2020,Athol,34,284.16
4/22/2020,Attleboro,281,607.33
4/22/2020,Auburn,45,272.85
4/22/2020,Avon,39,890.27
4/22/2020,Ayer,33,408.42
4/22/2020,Barnstable,133,296.57
4/22/2020,Barre,24,431.83
4/22/2020,Becket,10,555.42
4/22/2020,Bedford,117,785.43
4/22/2020,Belchertown,40,251.21
4/22/2020,Bellingham,44,246.14
4/22/2020,Belmont,141,516.37
4/22/2020,Berkley,21,309.73
4/22/2020,Berlin,10,313.16
4/22/2020,Bernardston,,
4/22/2020,Beverly,241,585.43
4/22/2020,Billerica,261,598.86
4/22/2020,Blackstone,20,221.13
4/22/2020,Blandford,0,
4/22/2020,Bolton,5,
4/22/2020,Boston,6744,970.4
4/22/2020,Bourne,99,473.23
4/22/2020,Boxborough,9,176.21
4/22/2020,Boxford,25,323.95
4/22/2020,Boylston,9,200.5
4/22/2020,Braintree,418,1062
4/22/2020,Brewster,64,645.66
4/22/2020,Bridgewater,141,495.66
4/22/2020,Brimfield,,
4/22/2020,Brockton,1763,1794.43
4/22/2020,Brookfield,5,136.55
4/22/2020,Brookline,216,335.48
4/22/2020,Buckland,6,
4/22/2020,Burlington,131,473.89
4/22/2020,Cambridge,672,595.82
4/22/2020,Canton,157,680.7
4/22/2020,Carlisle,7,146.79
4/22/2020,Carver,19,156.04
4/22/2020,Charlemont,0,0
4/22/2020,Charlton,26,184.76
4/22/2020,Chatham,8,136.61
4/22/2020,Chelmsford,174,483.58
4/22/2020,Chelsea,1447,3841.8
4/22/2020,Cheshire,,
4/22/2020,Chester,,
4/22/2020,Chesterfield,,
4/22/2020,Chicopee,176,308.69
4/22/2020,Chilmark,0,0
4/22/2020,Clarksburg,7,415.82
4/22/2020,Clinton,54,383.65
4/22/2020,Cohasset,15,202.72
4/22/2020,Colrain,,
4/22/2020,Concord,63,336.45
4/22/2020,Conway,,
4/22/2020,Cummington,,
4/22/2020,Dalton,6,91.99
4/22/2020,Danvers,316,1106.6
4/22/2020,Dartmouth,66,179.25
4/22/2020,Dedham,174,641.48
4/22/2020,Deerfield,,
4/22/2020,Dennis,42,317.61
4/22/2020,Dighton,20,254.91
4/22/2020,Douglas,18,191.5
4/22/2020,Dover,14,268.65
4/22/2020,Dracut,229,708.86
4/22/2020,Dudley,27,218.03
4/22/2020,Dunstable,7,
4/22/2020,Duxbury,33,218.06
4/22/2020,East Bridgewater,102,691.23
4/22/2020,East Brookfield,,
4/22/2020,East Longmeadow,116,685.8
4/22/2020,Eastham,7,150.65
4/22/2020,Easthampton,37,228.2
4/22/2020,Easton,162,683.59
4/22/2020,Edgartown,0,
4/22/2020,Egremont,,
4/22/2020,Erving,,
4/22/2020,Essex,12,322.52
4/22/2020,Everett,716,1475.18
4/22/2020,Fairhaven,45,280.71
4/22/2020,Fall River,191,213.53
4/22/2020,Falmouth,110,351.98
4/22/2020,Fitchburg,148,351.1
4/22/2020,Florida,,
4/22/2020,Foxborough,54,298.13
4/22/2020,Framingham,438,588.19
4/22/2020,Franklin,55,162.66
4/22/2020,Freetown,25,276.3
4/22/2020,Gardner,74,370.19
4/22/2020,Georgetown,24,268.64
4/22/2020,Gill,,
4/22/2020,Gloucester,111,387.77
4/22/2020,Goshen,0,
4/22/2020,Gosnold,0,0
4/22/2020,Grafton,41,205.57
4/22/2020,Granby,13,211.67
4/22/2020,Granville,7,449.78
4/22/2020,Great Barrington,37,544.46
4/22/2020,Greenfield,122,702.59
4/22/2020,Groton,15,128.81
4/22/2020,Groveland,8,117.07
4/22/2020,Hadley,17,295.63
4/22/2020,Halifax,22,287.91
4/22/2020,Hamilton,14,187.32
4/22/2020,Hampden,14,283.36
4/22/2020,Hancock,,
4/22/2020,Hanover,38,265.27
4/22/2020,Hanson,44,410.96
4/22/2020,Hardwick,,
4/22/2020,Harvard,13,187.66
4/22/2020,Harwich,30,238.8
4/22/2020,Hatfield,6,
4/22/2020,Haverhill,385,584.7
4/22/2020,Hawley,0,0
4/22/2020,Heath,0,0
4/22/2020,Hingham,108,454.02
4/22/2020,Hinsdale,,
4/22/2020,Holbrook,83,734.84
4/22/2020,Holden,34,180.27
4/22/2020,Holland,5,195.29
4/22/2020,Holliston,21,152.35
4/22/2020,Holyoke,474,1150.36
4/22/2020,Hopedale,8,140.87
4/22/2020,Hopkinton,65,398.42
4/22/2020,Hubbardston,,
4/22/2020,Hudson,73,348.51
4/22/2020,Hull,17,172.13
4/22/2020,Huntington,6,271.33
4/22/2020,Ipswich,33,245.41
4/22/2020,Kingston,50,368.64
4/22/2020,Lakeville,27,239.14
4/22/2020,Lancaster,12,140.06
4/22/2020,Lanesborough,5,
4/22/2020,Lawrence,1205,1366.59
4/22/2020,Lee,11,187.08
4/22/2020,Leicester,58,514.92
4/22/2020,Lenox,11,225.47
4/22/2020,Leominster,128,315.33
4/22/2020,Leverett,,
4/22/2020,Lexington,218,640.33
4/22/2020,Leyden,0,0
4/22/2020,Lincoln,25,288.92
4/22/2020,Littleton,69,710.01
4/22/2020,Longmeadow,159,1025.16
4/22/2020,Lowell,1235,1056.83
4/22/2020,Ludlow,47,225.27
4/22/2020,Lunenburg,24,230.62
4/22/2020,Lynn,1387,1374.58
4/22/2020,Lynnfield,56,480.73
4/22/2020,Malden,560,826.52
4/22/2020,Manchester,12,242.6
4/22/2020,Mansfield,87,368.08
4/22/2020,Marblehead,65,338.23
4/22/2020,Marion,,
4/22/2020,Marlborough,295,679.11
4/22/2020,Marshfield,83,320.96
4/22/2020,Mashpee,34,221.1
4/22/2020,Mattapoisett,9,155.67
4/22/2020,Maynard,24,230
4/22/2020,Medfield,23,201.75
4/22/2020,Medford,590,970.16
4/22/2020,Medway,46,351.68
4/22/2020,Melrose,126,435.65
4/22/2020,Mendon,10,172.62
4/22/2020,Merrimac,8,
4/22/2020,Methuen,409,763.76
4/22/2020,Middleborough,72,267.44
4/22/2020,Middlefield,0,0
4/22/2020,Middleton,89,862.46
4/22/2020,Milford,114,389.04
4/22/2020,Millbury,117,856.7
4/22/2020,Millis,27,341.96
4/22/2020,Millville,7,
4/22/2020,Milton,141,492.49
4/22/2020,Monroe,0,0
4/22/2020,Monson,14,165.97
4/22/2020,Montague,14,163.77
4/22/2020,Monterey,0,0
4/22/2020,Montgomery,,
4/22/2020,Mount Washington,0,0
4/22/2020,Nahant,28,855.77
4/22/2020,Nantucket,9,79.37
4/22/2020,Natick,214,595.73
4/22/2020,Needham,156,532.2
4/22/2020,New Ashford,0,0
4/22/2020,New Bedford,212,212.95
4/22/2020,New Braintree,,
4/22/2020,New Marlborough,,
4/22/2020,New Salem,0,0
4/22/2020,Newbury,,
4/22/2020,Newburyport,38,213.44
4/22/2020,Newton,455,496.03
4/22/2020,Norfolk,14,113.4
4/22/2020,North Adams,39,298.69
4/22/2020,North Andover,121,400.02
4/22/2020,North Attleborough,107,354.13
4/22/2020,North Brookfield,5,
4/22/2020,North Reading,119,719.7
4/22/2020,Northampton,119,407.1
4/22/2020,Northborough,74,540.51
4/22/2020,Northbridge,90,500.44
4/22/2020,Northfield,,
4/22/2020,Norton,66,332.28
4/22/2020,Norwell,52,485.76
4/22/2020,Norwood,316,1049.41
4/22/2020,Oak Bluffs,,
4/22/2020,Oakham,,
4/22/2020,Orange,25,306.27
4/22/2020,Orleans,11,194.76
4/22/2020,Otis,,
4/22/2020,Oxford,23,166.88
4/22/2020,Palmer,14,117.7
4/22/2020,Paxton,9,181.85
4/22/2020,Peabody,380,681.42
4/22/2020,Pelham,,
4/22/2020,Pembroke,44,235.63
4/22/2020,Pepperell,21,171
4/22/2020,Peru,,
4/22/2020,Petersham,,
4/22/2020,Phillipston,7,408.35
4/22/2020,Pittsfield,120,271.02
4/22/2020,Plainfield,0,0
4/22/2020,Plainville,32,350.73
4/22/2020,Plymouth,152,245.02
4/22/2020,Plympton,,
4/22/2020,Princeton,,
4/22/2020,Provincetown,18,686.01
4/22/2020,Quincy,551,544.79
4/22/2020,Randolph,481,1405.65
4/22/2020,Raynham,110,736.42
4/22/2020,Reading,118,429.34
4/22/2020,Rehoboth,27,214.02
4/22/2020,Revere,759,1245.97
4/22/2020,Richmond,5,376.53
4/22/2020,Rochester,8,141.9
4/22/2020,Rockland,133,737.4
4/22/2020,Rockport,24,366.18
4/22/2020,Rowe,0,0
4/22/2020,Rowley,16,259.17
4/22/2020,Royalston,,
4/22/2020,Russell,9,476.94
4/22/2020,Rutland,22,244.2
4/22/2020,Salem,277,615.3
4/22/2020,Salisbury,19,214.92
4/22/2020,Sandisfield,,
4/22/2020,Sandwich,57,270.98
4/22/2020,Saugus,194,682.49
4/22/2020,Savoy,,
4/22/2020,Scituate,54,297.99
4/22/2020,Seekonk,34,242.82
4/22/2020,Sharon,69,376.83
4/22/2020,Sheffield,11,356.33
4/22/2020,Shelburne,5,270.38
4/22/2020,Sherborn,5,
4/22/2020,Shirley,25,296.59
4/22/2020,Shrewsbury,147,373.11
4/22/2020,Shutesbury,,
4/22/2020,Somerset,38,205.32
4/22/2020,Somerville,415,542.21
4/22/2020,South Hadley,46,254.16
4/22/2020,Southampton,24,399.63
4/22/2020,Southborough,21,215.99
4/22/2020,Southbridge,42,249.36
4/22/2020,Southwick,25,255.28
4/22/2020,Spencer,11,95.48
4/22/2020,Springfield,835,527.37
4/22/2020,Sterling,16,203.22
4/22/2020,Stockbridge,6,344.13
4/22/2020,Stoneham,180,807.03
4/22/2020,Stoughton,305,1102.77
4/22/2020,Stow,9,124.83
4/22/2020,Sturbridge,21,201.11
4/22/2020,Sudbury,55,307.2
4/22/2020,Sunderland,7,184.14
4/22/2020,Sutton,20,222.61
4/22/2020,Swampscott,77,561.77
4/22/2020,Swansea,31,194.12
4/22/2020,Taunton,351,612.79
4/22/2020,Templeton,84,940.55
4/22/2020,Tewksbury,204,662.54
4/22/2020,Tisbury,,
4/22/2020,Tolland,0,0
4/22/2020,Topsfield,76,1300.49
4/22/2020,Townsend,17,185.81
4/22/2020,Truro,9,455.74
4/22/2020,Tyngsborough,63,525.4
4/22/2020,Tyringham,,
4/22/2020,Upton,13,143.79
4/22/2020,Uxbridge,29,188.15
4/22/2020,Wakefield,181,670.25
4/22/2020,Wales,,
4/22/2020,Walpole,145,559.83
4/22/2020,Waltham,542,813.09
4/22/2020,Ware,10,98.63
4/22/2020,Wareham,78,325.67
4/22/2020,Warren,,
4/22/2020,Warwick,0,0
4/22/2020,Washington,,
4/22/2020,Watertown,163,491.37
4/22/2020,Wayland,50,376.45
4/22/2020,Webster,48,279.22
4/22/2020,Wellesley,164,551.54
4/22/2020,Wellfleet,,
4/22/2020,Wendell,0,0
4/22/2020,Wenham,8,153.67
4/22/2020,West Boylston,21,267.51
4/22/2020,West Bridgewater,32,441.53
4/22/2020,West Brookfield,6,161.74
4/22/2020,West Newbury,,
4/22/2020,West Springfield,171,580.5
4/22/2020,West Stockbridge,,
4/22/2020,West Tisbury,7,242.81
4/22/2020,Westborough,133,705.86
4/22/2020,Westfield,270,649.38
4/22/2020,Westford,93,401.91
4/22/2020,Westhampton,,
4/22/2020,Westminster,13,177.3
4/22/2020,Weston,66,594.93
4/22/2020,Westport,16,96.13
4/22/2020,Westwood,67,454.56
4/22/2020,Weymouth,360,642.13
4/22/2020,Whately,,
4/22/2020,Whitman,87,564.21
4/22/2020,Wilbraham,91,625.75
4/22/2020,Williamsburg,5,202.69
4/22/2020,Williamstown,81,1099.24
4/22/2020,Wilmington,184,754.93
4/22/2020,Winchendon,41,381.51
4/22/2020,Winchester,60,268.77
4/22/2020,Windsor,0,0
4/22/2020,Winthrop,110,583.64
4/22/2020,Woburn,220,530.24
4/22/2020,Worcester,1457,759.37
4/22/2020,Worthington,0,0
4/22/2020,Wrentham,46,408
4/22/2020,Yarmouth,52,216.46
4/22/2020,Unknown,854,
4/22/2020,State Total,42944,616.41
4/29/2020,Abington,143,796.17
4/29/2020,Acton,74,311.81
4/29/2020,Acushnet,35,334.82
4/29/2020,Adams,32,386.44
4/29/2020,Agawam,317,1108.22
4/29/2020,Alford,0,0
4/29/2020,Amesbury,72,432.55
4/29/2020,Amherst,83,204.95
4/29/2020,Andover,158,438.7
4/29/2020,Aquinnah,0,0
4/29/2020,Arlington,218,475.89
4/29/2020,Ashburnham,16,254.78
4/29/2020,Ashby,8,231.38
4/29/2020,Ashfield,,
4/29/2020,Ashland,128,656.65
4/29/2020,Athol,38,317.59
4/29/2020,Attleboro,443,957.47
4/29/2020,Auburn,55,333.49
4/29/2020,Avon,48,1095.72
4/29/2020,Ayer,40,495.05
4/29/2020,Barnstable,187,416.99
4/29/2020,Barre,37,665.73
4/29/2020,Becket,11,610.96
4/29/2020,Bedford,152,1020.38
4/29/2020,Belchertown,62,389.38
4/29/2020,Bellingham,78,436.33
4/29/2020,Belmont,162,593.27
4/29/2020,Berkley,33,486.71
4/29/2020,Berlin,15,469.74
4/29/2020,Bernardston,,
4/29/2020,Beverly,363,881.78
4/29/2020,Billerica,346,793.89
4/29/2020,Blackstone,23,254.3
4/29/2020,Blandford,0,0
4/29/2020,Bolton,9,178.13
4/29/2020,Boston,9284,1335.89
4/29/2020,Bourne,121,578.39
4/29/2020,Boxborough,13,254.52
4/29/2020,Boxford,28,362.83
4/29/2020,Boylston,10,222.77
4/29/2020,Braintree,570,1448.18
4/29/2020,Brewster,87,877.69
4/29/2020,Bridgewater,183,643.3
4/29/2020,Brimfield,,
4/29/2020,Brockton,2735,2783.76
4/29/2020,Brookfield,6,163.86
4/29/2020,Brookline,263,408.48
4/29/2020,Buckland,7,376.25
4/29/2020,Burlington,173,625.83
4/29/2020,Cambridge,773,685.37
4/29/2020,Canton,219,949.5
4/29/2020,Carlisle,7,146.79
4/29/2020,Carver,26,213.53
4/29/2020,Charlemont,0,0
4/29/2020,Charlton,38,270.04
4/29/2020,Chatham,11,187.84
4/29/2020,Chelmsford,229,636.44
4/29/2020,Chelsea,1965,5217.1
4/29/2020,Cheshire,,
4/29/2020,Chester,6,442.11
4/29/2020,Chesterfield,,
4/29/2020,Chicopee,248,434.97
4/29/2020,Chilmark,,
4/29/2020,Clarksburg,7,415.82
4/29/2020,Clinton,87,618.11
4/29/2020,Cohasset,18,243.26
4/29/2020,Colrain,,
4/29/2020,Concord,117,624.83
4/29/2020,Conway,,
4/29/2020,Cummington,,
4/29/2020,Dalton,6,91.99
4/29/2020,Danvers,467,1635.39
4/29/2020,Dartmouth,161,437.27
4/29/2020,Dedham,239,881.11
4/29/2020,Deerfield,6,112.52
4/29/2020,Dennis,51,385.67
4/29/2020,Dighton,35,446.1
4/29/2020,Douglas,26,276.61
4/29/2020,Dover,14,268.65
4/29/2020,Dracut,296,916.26
4/29/2020,Dudley,40,323
4/29/2020,Dunstable,7,210.08
4/29/2020,Duxbury,47,310.57
4/29/2020,East Bridgewater,127,860.64
4/29/2020,East Brookfield,6,267.68
4/29/2020,East Longmeadow,178,1052.35
4/29/2020,Eastham,10,215.22
4/29/2020,Easthampton,50,308.38
4/29/2020,Easton,195,822.84
4/29/2020,Edgartown,,
4/29/2020,Egremont,,
4/29/2020,Erving,,
4/29/2020,Essex,15,403.15
4/29/2020,Everett,1004,2068.55
4/29/2020,Fairhaven,92,573.9
4/29/2020,Fall River,481,537.75
4/29/2020,Falmouth,124,396.78
4/29/2020,Fitchburg,238,564.61
4/29/2020,Florida,,
4/29/2020,Foxborough,77,425.11
4/29/2020,Framingham,816,1095.8
4/29/2020,Franklin,86,254.35
4/29/2020,Freetown,54,596.8
4/29/2020,Gardner,104,520.26
4/29/2020,Georgetown,29,324.61
4/29/2020,Gill,,
4/29/2020,Gloucester,143,499.56
4/29/2020,Goshen,,
4/29/2020,Gosnold,0,0
4/29/2020,Grafton,52,260.73
4/29/2020,Granby,18,293.09
4/29/2020,Granville,8,514.04
4/29/2020,Great Barrington,46,676.89
4/29/2020,Greenfield,157,904.15
4/29/2020,Groton,22,188.92
4/29/2020,Groveland,14,204.87
4/29/2020,Hadley,27,469.54
4/29/2020,Halifax,25,327.17
4/29/2020,Hamilton,21,280.97
4/29/2020,Hampden,16,323.84
4/29/2020,Hancock,,
4/29/2020,Hanover,44,307.16
4/29/2020,Hanson,66,616.43
4/29/2020,Hardwick,,
4/29/2020,Harvard,14,202.1
4/29/2020,Harwich,36,286.55
4/29/2020,Hatfield,8,246.37
4/29/2020,Haverhill,600,911.22
4/29/2020,Hawley,0,0
4/29/2020,Heath,0,0
4/29/2020,Hingham,148,622.17
4/29/2020,Hinsdale,,
4/29/2020,Holbrook,135,1195.21
4/29/2020,Holden,50,265.1
4/29/2020,Holland,5,195.29
4/29/2020,Holliston,34,246.65
4/29/2020,Holyoke,596,1446.45
4/29/2020,Hopedale,17,299.35
4/29/2020,Hopkinton,108,661.99
4/29/2020,Hubbardston,,
4/29/2020,Hudson,99,472.63
4/29/2020,Hull,32,324
4/29/2020,Huntington,9,406.99
4/29/2020,Ipswich,46,342.09
4/29/2020,Kingston,61,449.74
4/29/2020,Lakeville,41,363.13
4/29/2020,Lancaster,54,630.27
4/29/2020,Lanesborough,5,164.14
4/29/2020,Lawrence,1639,1858.78
4/29/2020,Lee,15,255.11
4/29/2020,Leicester,91,807.89
4/29/2020,Lenox,12,245.97
4/29/2020,Leominster,207,509.95
4/29/2020,Leverett,,
4/29/2020,Lexington,257,754.88
4/29/2020,Leyden,0,0
4/29/2020,Lincoln,25,288.92
4/29/2020,Littleton,76,782.04
4/29/2020,Longmeadow,177,1141.22
4/29/2020,Lowell,1649,1411.11
4/29/2020,Ludlow,59,282.78
4/29/2020,Lunenburg,34,326.71
4/29/2020,Lynn,2056,2037.6
4/29/2020,Lynnfield,73,626.66
4/29/2020,Malden,751,1108.43
4/29/2020,Manchester,13,262.82
4/29/2020,Mansfield,110,465.39
4/29/2020,Marblehead,118,614.02
4/29/2020,Marion,7,150.85
4/29/2020,Marlborough,429,987.59
4/29/2020,Marshfield,106,409.91
4/29/2020,Mashpee,37,240.61
4/29/2020,Mattapoisett,15,259.45
4/29/2020,Maynard,35,335.42
4/29/2020,Medfield,28,245.61
4/29/2020,Medford,756,1243.13
4/29/2020,Medway,61,466.36
4/29/2020,Melrose,157,542.84
4/29/2020,Mendon,14,241.67
4/29/2020,Merrimac,16,250.39
4/29/2020,Methuen,576,1075.61
4/29/2020,Middleborough,123,456.88
4/29/2020,Middlefield,0,0
4/29/2020,Middleton,109,1056.27
4/29/2020,Milford,316,1078.38
4/29/2020,Millbury,144,1054.4
4/29/2020,Millis,32,405.28
4/29/2020,Millville,10,281.63
4/29/2020,Milton,195,681.11
4/29/2020,Monroe,0,0
4/29/2020,Monson,18,213.39
4/29/2020,Montague,19,222.26
4/29/2020,Monterey,0,0
4/29/2020,Montgomery,,
4/29/2020,Mount Washington,0,0
4/29/2020,Nahant,29,886.33
4/29/2020,Nantucket,11,97.01
4/29/2020,Natick,280,779.45
4/29/2020,Needham,217,740.31
4/29/2020,New Ashford,0,0
4/29/2020,New Bedford,579,581.59
4/29/2020,New Braintree,,
4/29/2020,New Marlborough,,
4/29/2020,New Salem,0,0
4/29/2020,Newbury,6,90.24
4/29/2020,Newburyport,46,258.37
4/29/2020,Newton,553,602.87
4/29/2020,Norfolk,18,145.8
4/29/2020,North Adams,42,321.67
4/29/2020,North Andover,170,562.01
4/29/2020,North Attleborough,158,522.92
4/29/2020,North Brookfield,7,150.65
4/29/2020,North Reading,141,852.75
4/29/2020,Northampton,167,571.3
4/29/2020,Northborough,130,949.54
4/29/2020,Northbridge,117,650.57
4/29/2020,Northfield,0,0
4/29/2020,Norton,86,432.97
4/29/2020,Norwell,77,719.3
4/29/2020,Norwood,390,1295.15
4/29/2020,Oak Bluffs,,
4/29/2020,Oakham,,
4/29/2020,Orange,26,318.52
4/29/2020,Orleans,13,230.17
4/29/2020,Otis,,
4/29/2020,Oxford,29,210.41
4/29/2020,Palmer,23,193.37
4/29/2020,Paxton,13,262.67
4/29/2020,Peabody,611,1095.66
4/29/2020,Pelham,,
4/29/2020,Pembroke,52,278.47
4/29/2020,Pepperell,28,228
4/29/2020,Peru,,
4/29/2020,Petersham,5,394.7
4/29/2020,Phillipston,8,466.69
4/29/2020,Pittsfield,131,295.86
4/29/2020,Plainfield,0,0
4/29/2020,Plainville,39,427.46
4/29/2020,Plymouth,222,357.86
4/29/2020,Plympton,5,167.28
4/29/2020,Princeton,,
4/29/2020,Provincetown,21,800.34
4/29/2020,Quincy,767,758.35
4/29/2020,Randolph,643,1879.07
4/29/2020,Raynham,176,1178.28
4/29/2020,Reading,190,691.31
4/29/2020,Rehoboth,32,253.65
4/29/2020,Revere,1123,1843.51
4/29/2020,Richmond,5,376.53
4/29/2020,Rochester,14,248.33
4/29/2020,Rockland,206,1142.13
4/29/2020,Rockport,33,503.49
4/29/2020,Rowe,0,0
4/29/2020,Rowley,28,453.54
4/29/2020,Royalston,,
4/29/2020,Russell,8,423.95
4/29/2020,Rutland,28,310.8
4/29/2020,Salem,369,819.66
4/29/2020,Salisbury,33,373.28
4/29/2020,Sandisfield,,
4/29/2020,Sandwich,66,313.77
4/29/2020,Saugus,298,1048.36
4/29/2020,Savoy,,
4/29/2020,Scituate,62,342.13
4/29/2020,Seekonk,43,307.09
4/29/2020,Sharon,91,496.98
4/29/2020,Sheffield,11,356.33
4/29/2020,Shelburne,6,324.45
4/29/2020,Sherborn,10,260.6
4/29/2020,Shirley,115,1364.32
4/29/2020,Shrewsbury,183,464.48
4/29/2020,Shutesbury,,
4/29/2020,Somerset,61,329.59
4/29/2020,Somerville,573,748.64
4/29/2020,South Hadley,51,281.78
4/29/2020,Southampton,25,416.28
4/29/2020,Southborough,27,277.7
4/29/2020,Southbridge,53,314.67
4/29/2020,Southwick,39,398.23
4/29/2020,Spencer,23,199.65
4/29/2020,Springfield,1317,831.79
4/29/2020,Sterling,26,330.23
4/29/2020,Stockbridge,10,573.54
4/29/2020,Stoneham,260,1165.71
4/29/2020,Stoughton,401,1449.88
4/29/2020,Stow,16,221.92
4/29/2020,Sturbridge,24,229.84
4/29/2020,Sudbury,76,424.49
4/29/2020,Sunderland,9,236.75
4/29/2020,Sutton,25,278.26
4/29/2020,Swampscott,97,707.68
4/29/2020,Swansea,54,338.14
4/29/2020,Taunton,558,974.18
4/29/2020,Templeton,93,1041.32
4/29/2020,Tewksbury,357,1159.44
4/29/2020,Tisbury,,
4/29/2020,Tolland,,
4/29/2020,Topsfield,87,1488.72
4/29/2020,Townsend,21,229.54
4/29/2020,Truro,9,455.74
4/29/2020,Tyngsborough,72,600.46
4/29/2020,Tyringham,,
4/29/2020,Upton,13,143.79
4/29/2020,Uxbridge,51,330.88
4/29/2020,Wakefield,210,777.64
4/29/2020,Wales,,
4/29/2020,Walpole,178,687.24
4/29/2020,Waltham,748,1122.12
4/29/2020,Ware,15,147.95
4/29/2020,Wareham,115,480.15
4/29/2020,Warren,6,110.66
4/29/2020,Warwick,0,0
4/29/2020,Washington,,
4/29/2020,Watertown,273,822.97
4/29/2020,Wayland,59,444.21
4/29/2020,Webster,75,436.27
4/29/2020,Wellesley,187,628.9
4/29/2020,Wellfleet,,
4/29/2020,Wendell,0,0
4/29/2020,Wenham,12,230.5
4/29/2020,West Boylston,26,331.2
4/29/2020,West Bridgewater,65,896.86
4/29/2020,West Brookfield,10,269.57
4/29/2020,West Newbury,5,122.5
4/29/2020,West Springfield,217,736.66
4/29/2020,West Stockbridge,,
4/29/2020,West Tisbury,7,242.81
4/29/2020,Westborough,209,1109.21
4/29/2020,Westfield,344,827.35
4/29/2020,Westford,115,496.99
4/29/2020,Westhampton,,
4/29/2020,Westminster,14,190.94
4/29/2020,Weston,80,721.13
4/29/2020,Westport,43,258.35
4/29/2020,Westwood,82,556.33
4/29/2020,Weymouth,504,898.98
4/29/2020,Whately,,
4/29/2020,Whitman,124,804.16
4/29/2020,Wilbraham,115,790.79
4/29/2020,Williamsburg,8,324.3
4/29/2020,Williamstown,79,1072.1
4/29/2020,Wilmington,241,988.79
4/29/2020,Winchendon,51,474.57
4/29/2020,Winchester,76,340.44
4/29/2020,Windsor,0,0
4/29/2020,Winthrop,167,886.07
4/29/2020,Woburn,344,829.1
4/29/2020,Worcester,2284,1190.4
4/29/2020,Worthington,0,0
4/29/2020,Wrentham,120,1064.35
4/29/2020,Yarmouth,65,270.57
4/29/2020,Unknown,446,
4/29/2020,State Total,60265,865.03
5/6/2020,Abington,177,985.47
5/6/2020,Acton,95,400.3
5/6/2020,Acushnet,47,449.61
5/6/2020,Adams,32,386.44
5/6/2020,Agawam,333,1164.16
5/6/2020,Alford,0,0
5/6/2020,Amesbury,156,937.2
5/6/2020,Amherst,60,148.16
5/6/2020,Andover,210,583.09
5/6/2020,Aquinnah,0,0
5/6/2020,Arlington,248,541.38
5/6/2020,Ashburnham,17,270.7
5/6/2020,Ashby,8,231.38
5/6/2020,Ashfield,,
5/6/2020,Ashland,145,743.86
5/6/2020,Athol,41,342.66
5/6/2020,Attleboro,480,1037.44
5/6/2020,Auburn,152,921.64
5/6/2020,Avon,56,1278.34
5/6/2020,Ayer,45,556.93
5/6/2020,Barnstable,238,530.71
5/6/2020,Barre,42,755.7
5/6/2020,Becket,11,610.96
5/6/2020,Bedford,190,1275.48
5/6/2020,Belchertown,69,433.34
5/6/2020,Bellingham,96,537.02
5/6/2020,Belmont,182,666.52
5/6/2020,Berkley,41,604.7
5/6/2020,Berlin,14,438.43
5/6/2020,Bernardston,6,286.94
5/6/2020,Beverly,440,1068.83
5/6/2020,Billerica,401,920.08
5/6/2020,Blackstone,29,320.64
5/6/2020,Blandford,0,0
5/6/2020,Bolton,10,197.92
5/6/2020,Boston,10729,1543.81
5/6/2020,Bourne,124,592.73
5/6/2020,Boxborough,19,372
5/6/2020,Boxford,30,388.74
5/6/2020,Boylston,13,289.61
5/6/2020,Braintree,668,1697.17
5/6/2020,Brewster,91,918.05
5/6/2020,Bridgewater,287,1008.89
5/6/2020,Brimfield,,
5/6/2020,Brockton,3179,3235.68
5/6/2020,Brookfield,8,218.48
5/6/2020,Brookline,308,478.38
5/6/2020,Buckland,7,376.25
5/6/2020,Burlington,201,727.12
5/6/2020,Cambridge,826,732.36
5/6/2020,Canton,239,1036.22
5/6/2020,Carlisle,9,188.73
5/6/2020,Carver,38,312.08
5/6/2020,Charlemont,0,0
5/6/2020,Charlton,45,319.78
5/6/2020,Chatham,10,170.76
5/6/2020,Chelmsford,283,786.51
5/6/2020,Chelsea,2244,5957.85
5/6/2020,Cheshire,,
5/6/2020,Chester,5,368.42
5/6/2020,Chesterfield,,
5/6/2020,Chicopee,288,505.13
5/6/2020,Chilmark,,
5/6/2020,Clarksburg,7,415.82
5/6/2020,Clinton,135,959.13
5/6/2020,Cohasset,20,270.29
5/6/2020,Colrain,,
5/6/2020,Concord,133,710.28
5/6/2020,Conway,,
5/6/2020,Cummington,,
5/6/2020,Dalton,7,107.33
5/6/2020,Danvers,539,1887.53
5/6/2020,Dartmouth,205,556.77
5/6/2020,Dedham,290,1069.13
5/6/2020,Deerfield,6,112.52
5/6/2020,Dennis,54,408.36
5/6/2020,Dighton,44,560.81
5/6/2020,Douglas,29,308.52
5/6/2020,Dover,14,268.65
5/6/2020,Dracut,349,1080.32
5/6/2020,Dudley,57,460.28
5/6/2020,Dunstable,7,210.08
5/6/2020,Duxbury,53,350.22
5/6/2020,East Bridgewater,148,1002.96
5/6/2020,East Brookfield,6,267.68
5/6/2020,East Longmeadow,200,1182.42
5/6/2020,Eastham,10,215.22
5/6/2020,Easthampton,55,339.22
5/6/2020,Easton,213,898.8
5/6/2020,Edgartown,6,146.28
5/6/2020,Egremont,5,456.27
5/6/2020,Erving,5,238.77
5/6/2020,Essex,17,456.9
5/6/2020,Everett,1212,2497.1
5/6/2020,Fairhaven,136,848.38
5/6/2020,Fall River,652,728.92
5/6/2020,Falmouth,136,435.18
5/6/2020,Fitchburg,320,759.15
5/6/2020,Florida,,
5/6/2020,Foxborough,89,491.36
5/6/2020,Framingham,1159,1556.41
5/6/2020,Franklin,98,289.84
5/6/2020,Freetown,68,751.52
5/6/2020,Gardner,116,580.29
5/6/2020,Georgetown,35,391.77
5/6/2020,Gill,,
5/6/2020,Gloucester,188,656.77
5/6/2020,Goshen,,
5/6/2020,Gosnold,0,0
5/6/2020,Grafton,63,315.88
5/6/2020,Granby,18,293.09
5/6/2020,Granville,8,514.04
5/6/2020,Great Barrington,49,721.04
5/6/2020,Greenfield,174,1002.05
5/6/2020,Groton,29,249.02
5/6/2020,Groveland,20,292.67
5/6/2020,Hadley,33,573.88
5/6/2020,Halifax,29,379.51
5/6/2020,Hamilton,22,294.35
5/6/2020,Hampden,17,344.08
5/6/2020,Hancock,,
5/6/2020,Hanover,53,369.99
5/6/2020,Hanson,73,681.81
5/6/2020,Hardwick,7,211.39
5/6/2020,Harvard,15,216.53
5/6/2020,Harwich,96,764.14
5/6/2020,Hatfield,9,277.17
5/6/2020,Haverhill,833,1265.08
5/6/2020,Hawley,0,0
5/6/2020,Heath,0,0
5/6/2020,Hingham,186,781.92
5/6/2020,Hinsdale,,
5/6/2020,Holbrook,153,1354.58
5/6/2020,Holden,70,371.14
5/6/2020,Holland,6,234.35
5/6/2020,Holliston,44,319.2
5/6/2020,Holyoke,678,1645.46
5/6/2020,Hopedale,22,387.39
5/6/2020,Hopkinton,104,637.47
5/6/2020,Hubbardston,5,107.28
5/6/2020,Hudson,125,596.76
5/6/2020,Hull,35,354.38
5/6/2020,Huntington,12,542.65
5/6/2020,Ipswich,52,386.71
5/6/2020,Kingston,97,715.16
5/6/2020,Lakeville,48,425.13
5/6/2020,Lancaster,62,723.64
5/6/2020,Lanesborough,6,196.97
5/6/2020,Lawrence,1975,2239.84
5/6/2020,Lee,16,272.12
5/6/2020,Leicester,106,941.06
5/6/2020,Lenox,12,245.97
5/6/2020,Leominster,294,724.28
5/6/2020,Leverett,,
5/6/2020,Lexington,278,816.56
5/6/2020,Leyden,0,0
5/6/2020,Lincoln,29,335.15
5/6/2020,Littleton,89,915.81
5/6/2020,Longmeadow,189,1218.59
5/6/2020,Lowell,2002,1713.18
5/6/2020,Ludlow,79,378.64
5/6/2020,Lunenburg,42,403.58
5/6/2020,Lynn,2536,2513.3
5/6/2020,Lynnfield,77,661
5/6/2020,Malden,897,1323.91
5/6/2020,Manchester,14,283.04
5/6/2020,Mansfield,123,520.39
5/6/2020,Marblehead,158,822.16
5/6/2020,Marion,7,150.85
5/6/2020,Marlborough,581,1337.51
5/6/2020,Marshfield,130,502.72
5/6/2020,Mashpee,42,273.12
5/6/2020,Mattapoisett,22,380.53
5/6/2020,Maynard,52,498.34
5/6/2020,Medfield,32,280.69
5/6/2020,Medford,829,1363.16
5/6/2020,Medway,68,519.88
5/6/2020,Melrose,181,625.82
5/6/2020,Mendon,20,345.24
5/6/2020,Merrimac,19,297.34
5/6/2020,Methuen,664,1239.94
5/6/2020,Middleborough,150,557.17
5/6/2020,Middlefield,0,0
5/6/2020,Middleton,128,1240.39
5/6/2020,Milford,470,1603.92
5/6/2020,Millbury,164,1200.84
5/6/2020,Millis,39,493.94
5/6/2020,Millville,13,366.12
5/6/2020,Milton,265,925.61
5/6/2020,Monroe,0,0
5/6/2020,Monson,22,260.81
5/6/2020,Montague,20,233.96
5/6/2020,Monterey,0,0
5/6/2020,Montgomery,,
5/6/2020,Mount Washington,0,0
5/6/2020,Nahant,31,947.46
5/6/2020,Nantucket,12,105.82
5/6/2020,Natick,311,865.75
5/6/2020,Needham,251,856.3
5/6/2020,New Ashford,0,0
5/6/2020,New Bedford,881,884.94
5/6/2020,New Braintree,,
5/6/2020,New Marlborough,,
5/6/2020,New Salem,0,0
5/6/2020,Newbury,6,90.24
5/6/2020,Newburyport,51,286.46
5/6/2020,Newton,588,641.03
5/6/2020,Norfolk,22,178.2
5/6/2020,North Adams,43,329.32
5/6/2020,North Andover,231,763.67
5/6/2020,North Attleborough,197,651.99
5/6/2020,North Brookfield,10,215.21
5/6/2020,North Reading,158,955.56
5/6/2020,Northampton,201,687.62
5/6/2020,Northborough,150,1095.63
5/6/2020,Northbridge,206,1145.44
5/6/2020,Northfield,0,0
5/6/2020,Norton,104,523.59
5/6/2020,Norwell,91,850.08
5/6/2020,Norwood,441,1464.52
5/6/2020,Oak Bluffs,,
5/6/2020,Oakham,,
5/6/2020,Orange,31,379.77
5/6/2020,Orleans,14,247.88
5/6/2020,Otis,,
5/6/2020,Oxford,37,268.45
5/6/2020,Palmer,31,260.63
5/6/2020,Paxton,17,343.49
5/6/2020,Peabody,740,1326.98
5/6/2020,Pelham,,
5/6/2020,Pembroke,59,315.96
5/6/2020,Pepperell,35,284.99
5/6/2020,Peru,,
5/6/2020,Petersham,5,394.7
5/6/2020,Phillipston,12,700.03
5/6/2020,Pittsfield,138,311.67
5/6/2020,Plainfield,0,0
5/6/2020,Plainville,47,515.14
5/6/2020,Plymouth,317,510.99
5/6/2020,Plympton,6,200.73
5/6/2020,Princeton,,
5/6/2020,Provincetown,21,800.34
5/6/2020,Quincy,903,892.82
5/6/2020,Randolph,735,2147.93
5/6/2020,Raynham,201,1345.65
5/6/2020,Reading,221,804.11
5/6/2020,Rehoboth,40,317.06
5/6/2020,Revere,1307,2145.57
5/6/2020,Richmond,5,376.53
5/6/2020,Rochester,19,337.02
5/6/2020,Rockland,227,1258.56
5/6/2020,Rockport,47,717.1
5/6/2020,Rowe,,
5/6/2020,Rowley,26,421.15
5/6/2020,Royalston,,
5/6/2020,Russell,8,423.95
5/6/2020,Rutland,33,366.3
5/6/2020,Salem,445,988.48
5/6/2020,Salisbury,37,418.52
5/6/2020,Sandisfield,,
5/6/2020,Sandwich,67,318.52
5/6/2020,Saugus,391,1375.53
5/6/2020,Savoy,,
5/6/2020,Scituate,84,463.54
5/6/2020,Seekonk,51,364.23
5/6/2020,Sharon,115,628.05
5/6/2020,Sheffield,13,421.12
5/6/2020,Shelburne,7,378.53
5/6/2020,Sherborn,11,286.66
5/6/2020,Shirley,134,1589.73
5/6/2020,Shrewsbury,240,609.15
5/6/2020,Shutesbury,,
5/6/2020,Somerset,80,432.26
5/6/2020,Somerville,660,862.31
5/6/2020,South Hadley,61,337.03
5/6/2020,Southampton,26,432.93
5/6/2020,Southborough,35,359.98
5/6/2020,Southbridge,66,391.85
5/6/2020,Southwick,42,428.86
5/6/2020,Spencer,33,286.45
5/6/2020,Springfield,1615,1020
5/6/2020,Sterling,52,660.46
5/6/2020,Stockbridge,11,630.9
5/6/2020,Stoneham,300,1345.05
5/6/2020,Stoughton,485,1753.59
5/6/2020,Stow,22,305.14
5/6/2020,Sturbridge,27,258.57
5/6/2020,Sudbury,98,547.37
5/6/2020,Sunderland,7,184.14
5/6/2020,Sutton,38,422.95
5/6/2020,Swampscott,109,795.23
5/6/2020,Swansea,73,457.12
5/6/2020,Taunton,690,1204.63
5/6/2020,Templeton,98,1097.31
5/6/2020,Tewksbury,429,1393.28
5/6/2020,Tisbury,,
5/6/2020,Tolland,,
5/6/2020,Topsfield,100,1711.18
5/6/2020,Townsend,24,262.33
5/6/2020,Truro,10,506.37
5/6/2020,Tyngsborough,79,658.84
5/6/2020,Tyringham,,
5/6/2020,Upton,15,165.91
5/6/2020,Uxbridge,55,356.83
5/6/2020,Wakefield,244,903.54
5/6/2020,Wales,,
5/6/2020,Walpole,178,687.24
5/6/2020,Waltham,872,1308.14
5/6/2020,Ware,17,167.67
5/6/2020,Wareham,162,676.39
5/6/2020,Warren,12,221.32
5/6/2020,Warwick,0,0
5/6/2020,Washington,,
5/6/2020,Watertown,305,919.43
5/6/2020,Wayland,83,624.91
5/6/2020,Webster,100,581.7
5/6/2020,Wellesley,200,672.62
5/6/2020,Wellfleet,,
5/6/2020,Wendell,0,0
5/6/2020,Wenham,12,230.5
5/6/2020,West Boylston,29,369.42
5/6/2020,West Bridgewater,76,1048.63
5/6/2020,West Brookfield,10,269.57
5/6/2020,West Newbury,5,122.5
5/6/2020,West Springfield,256,869.06
5/6/2020,West Stockbridge,,
5/6/2020,West Tisbury,7,242.81
5/6/2020,Westborough,251,1332.12
5/6/2020,Westfield,384,923.56
5/6/2020,Westford,120,518.6
5/6/2020,Westhampton,,
5/6/2020,Westminster,17,231.86
5/6/2020,Weston,89,802.25
5/6/2020,Westport,54,324.44
5/6/2020,Westwood,93,630.96
5/6/2020,Weymouth,560,998.87
5/6/2020,Whately,,
5/6/2020,Whitman,147,953.32
5/6/2020,Wilbraham,152,1045.22
5/6/2020,Williamsburg,9,364.84
5/6/2020,Williamstown,80,1085.67
5/6/2020,Wilmington,288,1181.63
5/6/2020,Winchendon,58,539.7
5/6/2020,Winchester,79,353.88
5/6/2020,Windsor,0,0
5/6/2020,Winthrop,196,1039.94
5/6/2020,Woburn,424,1021.91
5/6/2020,Worcester,2989,1557.84
5/6/2020,Worthington,0,0
5/6/2020,Wrentham,145,1286.09
5/6/2020,Yarmouth,80,333.01
5/6/2020,Unknown,326,
5/6/2020,State Total,72025,1033.83
5/13/2020,Abington,190,1057.85
5/13/2020,Acton,120,505.64
5/13/2020,Acushnet,59,564.41
5/13/2020,Adams,33,398.52
5/13/2020,Agawam,404,1412.37
5/13/2020,Alford,0,0
5/13/2020,Amesbury,154,925.18
5/13/2020,Amherst,76,187.66
5/13/2020,Andover,239,663.61
5/13/2020,Aquinnah,0,0
5/13/2020,Arlington,261,569.76
5/13/2020,Ashburnham,23,366.25
5/13/2020,Ashby,13,376
5/13/2020,Ashfield,,
5/13/2020,Ashland,179,918.29
5/13/2020,Athol,46,384.45
5/13/2020,Attleboro,527,1139.02
5/13/2020,Auburn,159,964.08
5/13/2020,Avon,61,1392.47
5/13/2020,Ayer,49,606.44
5/13/2020,Barnstable,267,595.38
5/13/2020,Barre,43,773.69
5/13/2020,Becket,12,666.5
5/13/2020,Bedford,214,1436.59
5/13/2020,Belchertown,79,496.15
5/13/2020,Bellingham,107,598.56
5/13/2020,Belmont,192,703.14
5/13/2020,Berkley,42,619.45
5/13/2020,Berlin,18,563.69
5/13/2020,Bernardston,6,286.94
5/13/2020,Beverly,501,1217.01
5/13/2020,Billerica,456,1046.28
5/13/2020,Blackstone,36,398.04
5/13/2020,Blandford,,
5/13/2020,Bolton,11,217.71
5/13/2020,Boston,11551,1662.09
5/13/2020,Bourne,133,635.76
5/13/2020,Boxborough,22,430.73
5/13/2020,Boxford,35,453.53
5/13/2020,Boylston,13,289.61
5/13/2020,Braintree,724,1839.44
5/13/2020,Brewster,91,918.05
5/13/2020,Bridgewater,302,1061.62
5/13/2020,Brimfield,,
5/13/2020,Brockton,3429,3490.14
5/13/2020,Brookfield,12,327.72
5/13/2020,Brookline,321,498.57
5/13/2020,Buckland,7,376.25
5/13/2020,Burlington,216,781.38
5/13/2020,Cambridge,873,774.03
5/13/2020,Canton,253,1096.92
5/13/2020,Carlisle,10,209.7
5/13/2020,Carver,47,386
5/13/2020,Charlemont,,
5/13/2020,Charlton,51,362.42
5/13/2020,Chatham,12,204.91
5/13/2020,Chelmsford,291,808.75
5/13/2020,Chelsea,2412,6403.89
5/13/2020,Cheshire,,
5/13/2020,Chester,,
5/13/2020,Chesterfield,,
5/13/2020,Chicopee,332,582.3
5/13/2020,Chilmark,,
5/13/2020,Clarksburg,7,415.82
5/13/2020,Clinton,153,1087.02
5/13/2020,Cohasset,21,283.8
5/13/2020,Colrain,,
5/13/2020,Concord,152,811.75
5/13/2020,Conway,,
5/13/2020,Cummington,,
5/13/2020,Dalton,9,137.99
5/13/2020,Danvers,616,2157.18
5/13/2020,Dartmouth,240,651.83
5/13/2020,Dedham,317,1168.67
5/13/2020,Deerfield,9,168.77
5/13/2020,Dennis,78,589.85
5/13/2020,Dighton,50,637.29
5/13/2020,Douglas,33,351.08
5/13/2020,Dover,16,307.03
5/13/2020,Dracut,374,1157.7
5/13/2020,Dudley,64,516.8
5/13/2020,Dunstable,8,240.09
5/13/2020,Duxbury,59,389.87
5/13/2020,East Bridgewater,157,1063.95
5/13/2020,East Brookfield,7,312.3
5/13/2020,East Longmeadow,224,1324.31
5/13/2020,Eastham,10,215.22
5/13/2020,Easthampton,60,370.06
5/13/2020,Easton,224,945.22
5/13/2020,Edgartown,7,170.66
5/13/2020,Egremont,5,456.27
5/13/2020,Erving,6,286.53
5/13/2020,Essex,17,456.9
5/13/2020,Everett,1366,2814.38
5/13/2020,Fairhaven,158,985.62
5/13/2020,Fall River,868,970.41
5/13/2020,Falmouth,150,479.98
5/13/2020,Fitchburg,516,1224.12
5/13/2020,Florida,,
5/13/2020,Foxborough,96,530.01
5/13/2020,Framingham,1347,1808.87
5/13/2020,Franklin,103,304.62
5/13/2020,Freetown,73,806.78
5/13/2020,Gardner,134,670.34
5/13/2020,Georgetown,40,447.74
5/13/2020,Gill,,
5/13/2020,Gloucester,211,737.12
5/13/2020,Goshen,,
5/13/2020,Gosnold,0,0
5/13/2020,Grafton,72,361
5/13/2020,Granby,20,325.65
5/13/2020,Granville,9,578.29
5/13/2020,Great Barrington,51,750.47
5/13/2020,Greenfield,186,1071.16
5/13/2020,Groton,35,300.55
5/13/2020,Groveland,25,365.84
5/13/2020,Hadley,36,626.05
5/13/2020,Halifax,32,418.77
5/13/2020,Hamilton,24,321.11
5/13/2020,Hampden,37,748.87
5/13/2020,Hancock,,
5/13/2020,Hanover,56,390.93
5/13/2020,Hanson,80,747.19
5/13/2020,Hardwick,6,181.19
5/13/2020,Harvard,16,230.97
5/13/2020,Harwich,106,843.74
5/13/2020,Hatfield,10,307.96
5/13/2020,Haverhill,950,1442.77
5/13/2020,Hawley,0,0
5/13/2020,Heath,0,0
5/13/2020,Hingham,223,937.46
5/13/2020,Hinsdale,,
5/13/2020,Holbrook,166,1469.67
5/13/2020,Holden,76,402.95
5/13/2020,Holland,8,312.46
5/13/2020,Holliston,48,348.22
5/13/2020,Holyoke,723,1754.67
5/13/2020,Hopedale,27,475.43
5/13/2020,Hopkinton,104,637.47
5/13/2020,Hubbardston,5,107.28
5/13/2020,Hudson,148,706.56
5/13/2020,Hull,43,435.38
5/13/2020,Huntington,12,542.65
5/13/2020,Ipswich,57,423.89
5/13/2020,Kingston,103,759.4
5/13/2020,Lakeville,52,460.56
5/13/2020,Lancaster,69,805.34
5/13/2020,Lanesborough,7,229.8
5/13/2020,Lawrence,2382,2701.42
5/13/2020,Lee,16,272.12
5/13/2020,Leicester,118,1047.6
5/13/2020,Lenox,12,245.97
5/13/2020,Leominster,376,926.29
5/13/2020,Leverett,,
5/13/2020,Lexington,290,851.81
5/13/2020,Leyden,0,0
5/13/2020,Lincoln,30,346.7
5/13/2020,Littleton,93,956.97
5/13/2020,Longmeadow,195,1257.27
5/13/2020,Lowell,2215,1895.45
5/13/2020,Ludlow,94,450.54
5/13/2020,Lunenburg,46,442.01
5/13/2020,Lynn,2834,2808.63
5/13/2020,Lynnfield,80,686.75
5/13/2020,Malden,986,1455.27
5/13/2020,Manchester,15,303.25
5/13/2020,Mansfield,137,579.62
5/13/2020,Marblehead,163,848.18
5/13/2020,Marion,9,193.94
5/13/2020,Marlborough,698,1606.85
5/13/2020,Marshfield,139,537.52
5/13/2020,Mashpee,45,292.63
5/13/2020,Mattapoisett,25,432.42
5/13/2020,Maynard,60,575.01
5/13/2020,Medfield,32,280.69
5/13/2020,Medford,870,1430.58
5/13/2020,Medway,99,756.88
5/13/2020,Melrose,206,712.26
5/13/2020,Mendon,22,379.76
5/13/2020,Merrimac,23,359.94
5/13/2020,Methuen,737,1376.26
5/13/2020,Middleborough,221,820.89
5/13/2020,Middlefield,0,0
5/13/2020,Middleton,132,1279.15
5/13/2020,Milford,525,1791.61
5/13/2020,Millbury,173,1266.74
5/13/2020,Millis,43,544.6
5/13/2020,Millville,13,366.12
5/13/2020,Milton,271,946.57
5/13/2020,Monroe,0,0
5/13/2020,Monson,26,308.23
5/13/2020,Montague,23,269.05
5/13/2020,Monterey,0,0
5/13/2020,Montgomery,,
5/13/2020,Mount Washington,0,0
5/13/2020,Nahant,34,1039.14
5/13/2020,Nantucket,12,105.82
5/13/2020,Natick,349,971.53
5/13/2020,Needham,292,996.17
5/13/2020,New Ashford,0,0
5/13/2020,New Bedford,1241,1246.55
5/13/2020,New Braintree,,
5/13/2020,New Marlborough,,
5/13/2020,New Salem,0,0
5/13/2020,Newbury,7,105.28
5/13/2020,Newburyport,56,314.54
5/13/2020,Newton,675,735.87
5/13/2020,Norfolk,23,186.3
5/13/2020,North Adams,45,344.64
5/13/2020,North Andover,248,819.87
5/13/2020,North Attleborough,214,708.26
5/13/2020,North Brookfield,11,236.73
5/13/2020,North Reading,166,1003.95
5/13/2020,Northampton,238,814.19
5/13/2020,Northborough,171,1249.01
5/13/2020,Northbridge,235,1306.69
5/13/2020,Northfield,,
5/13/2020,Norton,113,568.9
5/13/2020,Norwell,105,980.86
5/13/2020,Norwood,462,1534.26
5/13/2020,Oak Bluffs,,
5/13/2020,Oakham,,
5/13/2020,Orange,34,416.52
5/13/2020,Orleans,15,265.58
5/13/2020,Otis,,
5/13/2020,Oxford,42,304.73
5/13/2020,Palmer,36,302.66
5/13/2020,Paxton,23,464.72
5/13/2020,Peabody,809,1450.71
5/13/2020,Pelham,,
5/13/2020,Pembroke,68,364.16
5/13/2020,Pepperell,39,317.57
5/13/2020,Peru,,
5/13/2020,Petersham,5,394.7
5/13/2020,Phillipston,12,700.03
5/13/2020,Pittsfield,147,331.99
5/13/2020,Plainfield,0,0
5/13/2020,Plainville,51,558.98
5/13/2020,Plymouth,424,683.47
5/13/2020,Plympton,8,267.64
5/13/2020,Princeton,,
5/13/2020,Provincetown,21,800.34
5/13/2020,Quincy,970,959.06
5/13/2020,Randolph,787,2299.89
5/13/2020,Raynham,206,1379.12
5/13/2020,Reading,247,898.71
5/13/2020,Rehoboth,44,348.77
5/13/2020,Revere,1403,2303.16
5/13/2020,Richmond,5,376.53
5/13/2020,Rochester,22,390.24
5/13/2020,Rockland,246,1363.91
5/13/2020,Rockport,72,1098.53
5/13/2020,Rowe,0,0
5/13/2020,Rowley,31,502.14
5/13/2020,Royalston,,
5/13/2020,Russell,8,423.95
5/13/2020,Rutland,37,410.7
5/13/2020,Salem,492,1092.88
5/13/2020,Salisbury,45,509.02
5/13/2020,Sandisfield,,
5/13/2020,Sandwich,74,351.8
5/13/2020,Saugus,432,1519.77
5/13/2020,Savoy,,
5/13/2020,Scituate,119,656.68
5/13/2020,Seekonk,61,435.64
5/13/2020,Sharon,118,644.43
5/13/2020,Sheffield,15,485.9
5/13/2020,Shelburne,7,378.53
5/13/2020,Sherborn,11,286.66
5/13/2020,Shirley,144,1708.37
5/13/2020,Shrewsbury,265,672.61
5/13/2020,Shutesbury,,
5/13/2020,Somerset,98,529.51
5/13/2020,Somerville,729,952.46
5/13/2020,South Hadley,108,596.71
5/13/2020,Southampton,28,466.24
5/13/2020,Southborough,36,370.27
5/13/2020,Southbridge,84,498.72
5/13/2020,Southwick,44,449.28
5/13/2020,Spencer,38,329.85
5/13/2020,Springfield,1889,1193.05
5/13/2020,Sterling,60,762.06
5/13/2020,Stockbridge,14,802.96
5/13/2020,Stoneham,322,1443.69
5/13/2020,Stoughton,512,1851.21
5/13/2020,Stow,25,346.75
5/13/2020,Sturbridge,30,287.3
5/13/2020,Sudbury,163,910.42
5/13/2020,Sunderland,8,210.44
5/13/2020,Sutton,38,422.95
5/13/2020,Swampscott,115,839.01
5/13/2020,Swansea,75,469.65
5/13/2020,Taunton,758,1323.35
5/13/2020,Templeton,109,1220.47
5/13/2020,Tewksbury,484,1571.91
5/13/2020,Tisbury,,
5/13/2020,Tolland,,
5/13/2020,Topsfield,106,1813.85
5/13/2020,Townsend,26,284.19
5/13/2020,Truro,9,455.74
5/13/2020,Tyngsborough,81,675.52
5/13/2020,Tyringham,,
5/13/2020,Upton,17,188.03
5/13/2020,Uxbridge,58,376.3
5/13/2020,Wakefield,257,951.68
5/13/2020,Wales,,
5/13/2020,Walpole,199,768.32
5/13/2020,Waltham,994,1491.16
5/13/2020,Ware,21,207.13
5/13/2020,Wareham,171,713.96
5/13/2020,Warren,13,239.77
5/13/2020,Warwick,0,0
5/13/2020,Washington,,
5/13/2020,Watertown,326,982.74
5/13/2020,Wayland,92,692.67
5/13/2020,Webster,123,715.49
5/13/2020,Wellesley,207,696.16
5/13/2020,Wellfleet,,
5/13/2020,Wendell,0,0
5/13/2020,Wenham,15,288.12
5/13/2020,West Boylston,33,420.37
5/13/2020,West Bridgewater,98,1352.19
5/13/2020,West Brookfield,13,350.44
5/13/2020,West Newbury,6,147
5/13/2020,West Springfield,271,919.98
5/13/2020,West Stockbridge,,
5/13/2020,West Tisbury,7,242.81
5/13/2020,Westborough,273,1448.88
5/13/2020,Westfield,397,954.82
5/13/2020,Westford,126,544.53
5/13/2020,Westhampton,,
5/13/2020,Westminster,19,259.13
5/13/2020,Weston,125,1126.76
5/13/2020,Westport,61,366.5
5/13/2020,Westwood,99,671.67
5/13/2020,Weymouth,607,1082.7
5/13/2020,Whately,,
5/13/2020,Whitman,164,1063.57
5/13/2020,Wilbraham,178,1224
5/13/2020,Williamsburg,8,324.3
5/13/2020,Williamstown,81,1099.24
5/13/2020,Wilmington,298,1222.65
5/13/2020,Winchendon,73,679.28
5/13/2020,Winchester,97,434.52
5/13/2020,Windsor,0,0
5/13/2020,Winthrop,221,1172.59
5/13/2020,Woburn,499,1202.67
5/13/2020,Worcester,3549,1849.7
5/13/2020,Worthington,0,0
5/13/2020,Wrentham,172,1525.57
5/13/2020,Yarmouth,96,399.61
5/13/2020,Unknown,264,
5/13/2020,State Total,80497,1155.44
5/20/2020,Abington,219,1219.31
5/20/2020,Acton,138,581.49
5/20/2020,Acushnet,73,698.34
5/20/2020,Adams,35,422.67
5/20/2020,Agawam,423,1478.8
5/20/2020,Alford,0,0
5/20/2020,Amesbury,154,925.18
5/20/2020,Amherst,85,209.89
5/20/2020,Andover,263,730.25
5/20/2020,Aquinnah,0,0
5/20/2020,Arlington,279,609.05
5/20/2020,Ashburnham,26,414.02
5/20/2020,Ashby,14,404.92
5/20/2020,Ashfield,,
5/20/2020,Ashland,214,1097.84
5/20/2020,Athol,46,384.45
5/20/2020,Attleboro,577,1247.09
5/20/2020,Auburn,184,1115.66
5/20/2020,Avon,67,1529.44
5/20/2020,Ayer,65,804.46
5/20/2020,Barnstable,293,653.35
5/20/2020,Barre,47,845.66
5/20/2020,Becket,12,666.5
5/20/2020,Bedford,232,1557.42
5/20/2020,Belchertown,88,552.67
5/20/2020,Bellingham,112,626.53
5/20/2020,Belmont,210,769.06
5/20/2020,Berkley,52,766.94
5/20/2020,Berlin,20,626.32
5/20/2020,Bernardston,6,286.94
5/20/2020,Beverly,542,1316.6
5/20/2020,Billerica,486,1115.11
5/20/2020,Blackstone,40,442.26
5/20/2020,Blandford,,
5/20/2020,Bolton,12,237.5
5/20/2020,Boston,12629,1817.2
5/20/2020,Bourne,144,688.34
5/20/2020,Boxborough,23,450.31
5/20/2020,Boxford,35,453.53
5/20/2020,Boylston,18,400.99
5/20/2020,Braintree,754,1915.66
5/20/2020,Brewster,92,928.14
5/20/2020,Bridgewater,328,1153.02
5/20/2020,Brimfield,,
5/20/2020,Brockton,3773,3840.27
5/20/2020,Brookfield,15,409.64
5/20/2020,Brookline,343,532.74
5/20/2020,Buckland,8,430
5/20/2020,Burlington,231,835.64
5/20/2020,Cambridge,889,788.22
5/20/2020,Canton,266,1153.28
5/20/2020,Carlisle,12,251.64
5/20/2020,Carver,49,402.42
5/20/2020,Charlemont,,
5/20/2020,Charlton,60,426.37
5/20/2020,Chatham,12,204.91
5/20/2020,Chelmsford,302,839.32
5/20/2020,Chelsea,2598,6897.72
5/20/2020,Cheshire,,
5/20/2020,Chester,,
5/20/2020,Chesterfield,,
5/20/2020,Chicopee,373,654.21
5/20/2020,Chilmark,,
5/20/2020,Clarksburg,7,415.82
5/20/2020,Clinton,174,1236.21
5/20/2020,Cohasset,21,283.8
5/20/2020,Colrain,,
5/20/2020,Concord,160,854.47
5/20/2020,Conway,,
5/20/2020,Cummington,,
5/20/2020,Dalton,9,137.99
5/20/2020,Danvers,643,2251.73
5/20/2020,Dartmouth,284,771.33
5/20/2020,Dedham,340,1253.46
5/20/2020,Deerfield,8,150.02
5/20/2020,Dennis,83,627.67
5/20/2020,Dighton,54,688.27
5/20/2020,Douglas,39,414.91
5/20/2020,Dover,17,326.22
5/20/2020,Dracut,422,1306.29
5/20/2020,Dudley,72,581.4
5/20/2020,Dunstable,9,270.1
5/20/2020,Duxbury,60,396.48
5/20/2020,East Bridgewater,172,1165.6
5/20/2020,East Brookfield,9,401.53
5/20/2020,East Longmeadow,238,1407.08
5/20/2020,Eastham,10,215.22
5/20/2020,Easthampton,70,431.74
5/20/2020,Easton,248,1046.49
5/20/2020,Edgartown,7,170.66
5/20/2020,Egremont,5,456.27
5/20/2020,Erving,6,286.53
5/20/2020,Essex,21,564.41
5/20/2020,Everett,1474,3036.9
5/20/2020,Fairhaven,183,1141.57
5/20/2020,Fall River,1051,1175
5/20/2020,Falmouth,170,543.97
5/20/2020,Fitchburg,631,1496.94
5/20/2020,Florida,,
5/20/2020,Foxborough,100,552.1
5/20/2020,Framingham,1493,2004.93
5/20/2020,Franklin,111,328.28
5/20/2020,Freetown,80,884.15
5/20/2020,Gardner,156,780.39
5/20/2020,Georgetown,45,503.7
5/20/2020,Gill,,
5/20/2020,Gloucester,233,813.98
5/20/2020,Goshen,,
5/20/2020,Gosnold,0,0
5/20/2020,Grafton,81,406.13
5/20/2020,Granby,26,423.35
5/20/2020,Granville,9,578.29
5/20/2020,Great Barrington,52,765.18
5/20/2020,Greenfield,189,1088.43
5/20/2020,Groton,38,326.31
5/20/2020,Groveland,28,409.74
5/20/2020,Hadley,40,695.61
5/20/2020,Halifax,48,628.16
5/20/2020,Hamilton,28,374.63
5/20/2020,Hampden,45,910.79
5/20/2020,Hancock,,
5/20/2020,Hanover,60,418.85
5/20/2020,Hanson,88,821.91
5/20/2020,Hardwick,7,211.39
5/20/2020,Harvard,16,230.97
5/20/2020,Harwich,111,883.54
5/20/2020,Hatfield,10,307.96
5/20/2020,Haverhill,1066,1618.94
5/20/2020,Hawley,0,0
5/20/2020,Heath,0,0
5/20/2020,Hingham,237,996.31
5/20/2020,Hinsdale,,
5/20/2020,Holbrook,176,1558.21
5/20/2020,Holden,85,450.67
5/20/2020,Holland,8,312.46
5/20/2020,Holliston,53,384.49
5/20/2020,Holyoke,764,1854.17
5/20/2020,Hopedale,34,598.69
5/20/2020,Hopkinton,110,674.25
5/20/2020,Hubbardston,5,107.28
5/20/2020,Hudson,163,778.17
5/20/2020,Hull,47,475.88
5/20/2020,Huntington,13,587.87
5/20/2020,Ipswich,62,461.07
5/20/2020,Kingston,116,855.24
5/20/2020,Lakeville,54,478.27
5/20/2020,Lancaster,75,875.37
5/20/2020,Lanesborough,7,229.8
5/20/2020,Lawrence,2681,3040.51
5/20/2020,Lee,16,272.12
5/20/2020,Leicester,128,1136.38
5/20/2020,Lenox,13,266.47
5/20/2020,Leominster,516,1271.18
5/20/2020,Leverett,,
5/20/2020,Lexington,302,887.06
5/20/2020,Leyden,0,0
5/20/2020,Lincoln,32,369.82
5/20/2020,Littleton,94,967.26
5/20/2020,Longmeadow,202,1302.41
5/20/2020,Lowell,2457,2102.54
5/20/2020,Ludlow,110,527.22
5/20/2020,Lunenburg,58,557.32
5/20/2020,Lynn,3117,3089.1
5/20/2020,Lynnfield,87,746.84
5/20/2020,Malden,1053,1554.16
5/20/2020,Manchester,16,323.47
5/20/2020,Mansfield,147,621.93
5/20/2020,Marblehead,211,1097.95
5/20/2020,Marion,11,237.04
5/20/2020,Marlborough,829,1908.42
5/20/2020,Marshfield,152,587.79
5/20/2020,Mashpee,50,325.14
5/20/2020,Mattapoisett,28,484.31
5/20/2020,Maynard,63,603.76
5/20/2020,Medfield,33,289.46
5/20/2020,Medford,922,1516.09
5/20/2020,Medway,103,787.47
5/20/2020,Melrose,216,746.83
5/20/2020,Mendon,23,397.02
5/20/2020,Merrimac,26,406.89
5/20/2020,Methuen,827,1544.32
5/20/2020,Middleborough,243,902.61
5/20/2020,Middlefield,0,0
5/20/2020,Middleton,144,1395.44
5/20/2020,Milford,575,1962.24
5/20/2020,Millbury,184,1347.29
5/20/2020,Millis,45,569.93
5/20/2020,Millville,13,366.12
5/20/2020,Milton,286,998.96
5/20/2020,Monroe,0,0
5/20/2020,Monson,30,355.65
5/20/2020,Montague,25,292.45
5/20/2020,Monterey,0,0
5/20/2020,Montgomery,,
5/20/2020,Mount Washington,0,0
5/20/2020,Nahant,37,1130.83
5/20/2020,Nantucket,12,105.82
5/20/2020,Natick,381,1060.61
5/20/2020,Needham,303,1033.7
5/20/2020,New Ashford,0,0
5/20/2020,New Bedford,1583,1590.07
5/20/2020,New Braintree,,
5/20/2020,New Marlborough,6,392.17
5/20/2020,New Salem,0,0
5/20/2020,Newbury,8,120.32
5/20/2020,Newburyport,65,365.09
5/20/2020,Newton,710,774.03
5/20/2020,Norfolk,22,178.2
5/20/2020,North Adams,47,359.96
5/20/2020,North Andover,269,889.3
5/20/2020,North Attleborough,228,754.59
5/20/2020,North Brookfield,13,279.77
5/20/2020,North Reading,175,1058.38
5/20/2020,Northampton,254,868.93
5/20/2020,Northborough,192,1402.4
5/20/2020,Northbridge,281,1562.47
5/20/2020,Northfield,,
5/20/2020,Norton,120,604.14
5/20/2020,Norwell,116,1083.62
5/20/2020,Norwood,513,1703.63
5/20/2020,Oak Bluffs,5,96.73
5/20/2020,Oakham,,
5/20/2020,Orange,35,428.77
5/20/2020,Orleans,15,265.58
5/20/2020,Otis,,
5/20/2020,Oxford,52,377.29
5/20/2020,Palmer,43,361.51
5/20/2020,Paxton,27,545.54
5/20/2020,Peabody,877,1572.65
5/20/2020,Pelham,,
5/20/2020,Pembroke,80,428.42
5/20/2020,Pepperell,44,358.28
5/20/2020,Peru,,
5/20/2020,Petersham,7,552.57
5/20/2020,Phillipston,15,875.04
5/20/2020,Pittsfield,153,345.55
5/20/2020,Plainfield,0,0
5/20/2020,Plainville,57,624.75
5/20/2020,Plymouth,487,785.03
5/20/2020,Plympton,8,267.64
5/20/2020,Princeton,,
5/20/2020,Provincetown,22,838.46
5/20/2020,Quincy,1019,1007.51
5/20/2020,Randolph,864,2524.91
5/20/2020,Raynham,218,1459.46
5/20/2020,Reading,270,982.39
5/20/2020,Rehoboth,49,388.4
5/20/2020,Revere,1506,2472.24
5/20/2020,Richmond,5,376.53
5/20/2020,Rochester,26,461.19
5/20/2020,Rockland,262,1452.61
5/20/2020,Rockport,74,1129.05
5/20/2020,Rowe,0,0
5/20/2020,Rowley,34,550.73
5/20/2020,Royalston,,
5/20/2020,Russell,11,582.93
5/20/2020,Rutland,43,477.3
5/20/2020,Salem,550,1221.72
5/20/2020,Salisbury,49,554.26
5/20/2020,Sandisfield,,
5/20/2020,Sandwich,80,380.32
5/20/2020,Saugus,480,1688.63
5/20/2020,Savoy,,
5/20/2020,Scituate,131,722.9
5/20/2020,Seekonk,70,499.92
5/20/2020,Sharon,125,682.66
5/20/2020,Sheffield,15,485.9
5/20/2020,Shelburne,8,432.6
5/20/2020,Sherborn,11,286.66
5/20/2020,Shirley,158,1874.46
5/20/2020,Shrewsbury,291,738.6
5/20/2020,Shutesbury,,
5/20/2020,Somerset,136,734.83
5/20/2020,Somerville,799,1043.92
5/20/2020,South Hadley,130,718.27
5/20/2020,Southampton,29,482.89
5/20/2020,Southborough,40,411.41
5/20/2020,Southbridge,108,641.21
5/20/2020,Southwick,48,490.13
5/20/2020,Spencer,41,355.9
5/20/2020,Springfield,2186,1380.63
5/20/2020,Sterling,101,1282.81
5/20/2020,Stockbridge,14,802.96
5/20/2020,Stoneham,342,1533.36
5/20/2020,Stoughton,557,2013.92
5/20/2020,Stow,29,402.23
5/20/2020,Sturbridge,33,316.03
5/20/2020,Sudbury,174,971.86
5/20/2020,Sunderland,8,210.44
5/20/2020,Sutton,46,511.99
5/20/2020,Swampscott,119,868.19
5/20/2020,Swansea,90,563.57
5/20/2020,Taunton,854,1490.95
5/20/2020,Templeton,110,1231.67
5/20/2020,Tewksbury,543,1763.52
5/20/2020,Tisbury,6,144.18
5/20/2020,Tolland,,
5/20/2020,Topsfield,106,1813.85
5/20/2020,Townsend,29,316.98
5/20/2020,Truro,9,455.74
5/20/2020,Tyngsborough,81,675.52
5/20/2020,Tyringham,,
5/20/2020,Upton,22,243.34
5/20/2020,Uxbridge,64,415.23
5/20/2020,Wakefield,286,1059.07
5/20/2020,Wales,,
5/20/2020,Walpole,217,837.82
5/20/2020,Waltham,1071,1606.67
5/20/2020,Ware,25,246.58
5/20/2020,Wareham,191,797.47
5/20/2020,Warren,16,295.1
5/20/2020,Warwick,0,0
5/20/2020,Washington,,
5/20/2020,Watertown,347,1046.04
5/20/2020,Wayland,97,730.31
5/20/2020,Webster,148,860.92
5/20/2020,Wellesley,215,723.06
5/20/2020,Wellfleet,5,181.25
5/20/2020,Wendell,0,0
5/20/2020,Wenham,17,326.54
5/20/2020,West Boylston,37,471.33
5/20/2020,West Bridgewater,120,1655.74
5/20/2020,West Brookfield,16,431.32
5/20/2020,West Newbury,6,147
5/20/2020,West Springfield,303,1028.61
5/20/2020,West Stockbridge,,
5/20/2020,West Tisbury,7,242.81
5/20/2020,Westborough,319,1693.01
5/20/2020,Westfield,416,1000.52
5/20/2020,Westford,130,561.81
5/20/2020,Westhampton,,
5/20/2020,Westminster,25,340.96
5/20/2020,Weston,103,928.45
5/20/2020,Westport,68,408.56
5/20/2020,Westwood,112,759.87
5/20/2020,Weymouth,647,1154.05
5/20/2020,Whately,,
5/20/2020,Whitman,174,1128.42
5/20/2020,Wilbraham,195,1340.9
5/20/2020,Williamsburg,10,405.37
5/20/2020,Williamstown,81,1099.24
5/20/2020,Wilmington,310,1271.89
5/20/2020,Winchendon,74,688.59
5/20/2020,Winchester,102,456.91
5/20/2020,Windsor,0,0
5/20/2020,Winthrop,229,1215.03
5/20/2020,Woburn,531,1279.8
5/20/2020,Worcester,4299,2240.6
5/20/2020,Worthington,0,0
5/20/2020,Wrentham,182,1614.27
5/20/2020,Yarmouth,101,420.43
5/20/2020,Unknown,284,
5/20/2020,State Total,88970,1277.06
5/27/2020,Abington,226,1258.28
5/27/2020,Acton,148,623.63
5/27/2020,Acushnet,81,774.87
5/27/2020,Adams,35,422.67
5/27/2020,Agawam,433,1513.76
5/27/2020,Alford,0,0
5/27/2020,Amesbury,168,1009.29
5/27/2020,Amherst,89,219.76
5/27/2020,Andover,288,799.66
5/27/2020,Aquinnah,0,0
5/27/2020,Arlington,291,635.25
5/27/2020,Ashburnham,29,461.79
5/27/2020,Ashby,15,433.84
5/27/2020,Ashfield,,
5/27/2020,Ashland,232,1190.18
5/27/2020,Athol,55,459.67
5/27/2020,Attleboro,609,1316.25
5/27/2020,Auburn,196,1188.42
5/27/2020,Avon,66,1506.61
5/27/2020,Ayer,72,891.09
5/27/2020,Barnstable,339,755.93
5/27/2020,Barre,53,953.62
5/27/2020,Becket,12,666.5
5/27/2020,Bedford,218,1463.44
5/27/2020,Belchertown,92,577.79
5/27/2020,Bellingham,118,660.09
5/27/2020,Belmont,218,798.35
5/27/2020,Berkley,58,855.44
5/27/2020,Berlin,22,688.95
5/27/2020,Bernardston,6,286.94
5/27/2020,Beverly,569,1382.19
5/27/2020,Billerica,509,1167.88
5/27/2020,Blackstone,43,475.43
5/27/2020,Blandford,,
5/27/2020,Bolton,12,237.5
5/27/2020,Boston,13061,1879.37
5/27/2020,Bourne,151,721.8
5/27/2020,Boxborough,23,450.31
5/27/2020,Boxford,38,492.41
5/27/2020,Boylston,20,445.55
5/27/2020,Braintree,777,1974.1
5/27/2020,Brewster,94,948.31
5/27/2020,Bridgewater,330,1160.05
5/27/2020,Brimfield,5,134.21
5/27/2020,Brockton,3961,4031.62
5/27/2020,Brookfield,20,546.19
5/27/2020,Brookline,349,542.06
5/27/2020,Buckland,8,430
5/27/2020,Burlington,246,889.9
5/27/2020,Cambridge,918,813.93
5/27/2020,Canton,271,1174.96
5/27/2020,Carlisle,15,314.55
5/27/2020,Carver,52,427.06
5/27/2020,Charlemont,,
5/27/2020,Charlton,66,469.01
5/27/2020,Chatham,13,221.99
5/27/2020,Chelmsford,309,858.77
5/27/2020,Chelsea,2713,7203.05
5/27/2020,Cheshire,,
5/27/2020,Chester,5,368.42
5/27/2020,Chesterfield,,
5/27/2020,Chicopee,396,694.55
5/27/2020,Chilmark,,
5/27/2020,Clarksburg,7,415.82
5/27/2020,Clinton,211,1499.09
5/27/2020,Cohasset,23,310.83
5/27/2020,Colrain,,
5/27/2020,Concord,162,865.16
5/27/2020,Conway,,
5/27/2020,Cummington,,
5/27/2020,Dalton,9,137.99
5/27/2020,Danvers,678,2374.3
5/27/2020,Dartmouth,312,847.38
5/27/2020,Dedham,340,1253.46
5/27/2020,Deerfield,8,150.02
5/27/2020,Dennis,85,642.79
5/27/2020,Dighton,54,688.27
5/27/2020,Douglas,42,446.82
5/27/2020,Dover,18,345.41
5/27/2020,Dracut,433,1340.34
5/27/2020,Dudley,74,597.55
5/27/2020,Dunstable,10,300.12
5/27/2020,Duxbury,65,429.52
5/27/2020,East Bridgewater,173,1172.37
5/27/2020,East Brookfield,9,401.53
5/27/2020,East Longmeadow,256,1513.49
5/27/2020,Eastham,10,215.22
5/27/2020,Easthampton,79,487.25
5/27/2020,Easton,260,1097.13
5/27/2020,Edgartown,7,170.66
5/27/2020,Egremont,5,456.27
5/27/2020,Erving,6,286.53
5/27/2020,Essex,22,591.29
5/27/2020,Everett,1565,3224.38
5/27/2020,Fairhaven,211,1316.24
5/27/2020,Fall River,1218,1361.7
5/27/2020,Falmouth,178,569.57
5/27/2020,Fitchburg,710,1684.35
5/27/2020,Florida,,
5/27/2020,Foxborough,105,579.7
5/27/2020,Framingham,1625,2182.2
5/27/2020,Franklin,120,354.9
5/27/2020,Freetown,83,917.3
5/27/2020,Gardner,178,890.45
5/27/2020,Georgetown,52,582.06
5/27/2020,Gill,,
5/27/2020,Gloucester,241,841.92
5/27/2020,Goshen,,
5/27/2020,Gosnold,0,0
5/27/2020,Grafton,87,436.21
5/27/2020,Granby,28,455.91
5/27/2020,Granville,10,642.55
5/27/2020,Great Barrington,72,1059.49
5/27/2020,Greenfield,191,1099.95
5/27/2020,Groton,40,343.48
5/27/2020,Groveland,29,424.37
5/27/2020,Hadley,42,730.39
5/27/2020,Halifax,56,732.85
5/27/2020,Hamilton,30,401.39
5/27/2020,Hampden,67,1356.06
5/27/2020,Hancock,,
5/27/2020,Hanover,61,425.83
5/27/2020,Hanson,93,868.61
5/27/2020,Hardwick,7,211.39
5/27/2020,Harvard,17,245.4
5/27/2020,Harwich,117,931.3
5/27/2020,Hatfield,14,431.15
5/27/2020,Haverhill,1104,1676.65
5/27/2020,Hawley,0,0
5/27/2020,Heath,0,0
5/27/2020,Hingham,254,1067.78
5/27/2020,Hinsdale,,
5/27/2020,Holbrook,186,1646.74
5/27/2020,Holden,93,493.08
5/27/2020,Holland,8,312.46
5/27/2020,Holliston,56,406.25
5/27/2020,Holyoke,804,1951.25
5/27/2020,Hopedale,39,686.74
5/27/2020,Hopkinton,115,704.9
5/27/2020,Hubbardston,5,107.28
5/27/2020,Hudson,170,811.59
5/27/2020,Hull,47,475.88
5/27/2020,Huntington,14,633.09
5/27/2020,Ipswich,62,461.07
5/27/2020,Kingston,127,936.34
5/27/2020,Lakeville,55,487.13
5/27/2020,Lancaster,81,945.4
5/27/2020,Lanesborough,8,262.63
5/27/2020,Lawrence,2939,3333.11
5/27/2020,Lee,16,272.12
5/27/2020,Leicester,143,1269.55
5/27/2020,Lenox,13,266.47
5/27/2020,Leominster,575,1416.53
5/27/2020,Leverett,,
5/27/2020,Lexington,308,904.68
5/27/2020,Leyden,0,0
5/27/2020,Lincoln,34,392.93
5/27/2020,Littleton,100,1029
5/27/2020,Longmeadow,202,1302.41
5/27/2020,Lowell,2581,2208.65
5/27/2020,Ludlow,113,541.6
5/27/2020,Lunenburg,60,576.54
5/27/2020,Lynn,3281,3251.63
5/27/2020,Lynnfield,89,764.01
5/27/2020,Malden,1110,1638.29
5/27/2020,Manchester,18,363.9
5/27/2020,Mansfield,157,664.24
5/27/2020,Marblehead,221,1149.99
5/27/2020,Marion,13,280.14
5/27/2020,Marlborough,918,2113.31
5/27/2020,Marshfield,155,599.39
5/27/2020,Mashpee,53,344.65
5/27/2020,Mattapoisett,29,501.61
5/27/2020,Maynard,71,680.43
5/27/2020,Medfield,34,298.24
5/27/2020,Medford,961,1580.22
5/27/2020,Medway,109,833.34
5/27/2020,Melrose,233,805.61
5/27/2020,Mendon,27,466.07
5/27/2020,Merrimac,33,516.44
5/27/2020,Methuen,905,1689.98
5/27/2020,Middleborough,252,936.04
5/27/2020,Middlefield,0,0
5/27/2020,Middleton,159,1540.8
5/27/2020,Milford,609,2078.27
5/27/2020,Millbury,198,1449.8
5/27/2020,Millis,47,595.26
5/27/2020,Millville,13,366.12
5/27/2020,Milton,291,1016.43
5/27/2020,Monroe,0,0
5/27/2020,Monson,33,391.22
5/27/2020,Montague,25,292.45
5/27/2020,Monterey,0,0
5/27/2020,Montgomery,,
5/27/2020,Mount Washington,0,0
5/27/2020,Nahant,39,1191.96
5/27/2020,Nantucket,13,114.64
5/27/2020,Natick,395,1099.59
5/27/2020,Needham,311,1060.99
5/27/2020,New Ashford,0,0
5/27/2020,New Bedford,1756,1763.85
5/27/2020,New Braintree,,
5/27/2020,New Marlborough,6,392.17
5/27/2020,New Salem,0,0
5/27/2020,Newbury,11,165.45
5/27/2020,Newburyport,71,398.79
5/27/2020,Newton,745,812.19
5/27/2020,Norfolk,24,194.4
5/27/2020,North Adams,46,352.3
5/27/2020,North Andover,311,1028.15
5/27/2020,North Attleborough,239,791
5/27/2020,North Brookfield,14,301.29
5/27/2020,North Reading,183,1106.76
5/27/2020,Northampton,269,920.24
5/27/2020,Northborough,204,1490.05
5/27/2020,Northbridge,300,1668.12
5/27/2020,Northfield,,
5/27/2020,Norton,121,609.18
5/27/2020,Norwell,118,1102.3
5/27/2020,Norwood,540,1793.29
5/27/2020,Oak Bluffs,5,96.73
5/27/2020,Oakham,,
5/27/2020,Orange,39,477.78
5/27/2020,Orleans,15,265.58
5/27/2020,Otis,,
5/27/2020,Oxford,63,457.1
5/27/2020,Palmer,45,378.33
5/27/2020,Paxton,29,585.95
5/27/2020,Peabody,911,1633.62
5/27/2020,Pelham,,
5/27/2020,Pembroke,85,455.2
5/27/2020,Pepperell,47,382.71
5/27/2020,Peru,,
5/27/2020,Petersham,7,552.57
5/27/2020,Phillipston,15,875.04
5/27/2020,Pittsfield,169,381.68
5/27/2020,Plainfield,,
5/27/2020,Plainville,61,668.59
5/27/2020,Plymouth,526,847.89
5/27/2020,Plympton,9,301.1
5/27/2020,Princeton,,
5/27/2020,Provincetown,22,838.46
5/27/2020,Quincy,1069,1056.95
5/27/2020,Randolph,894,2612.58
5/27/2020,Raynham,223,1492.93
5/27/2020,Reading,276,1004.22
5/27/2020,Rehoboth,54,428.03
5/27/2020,Revere,1582,2597
5/27/2020,Richmond,5,376.53
5/27/2020,Rochester,31,549.88
5/27/2020,Rockland,273,1513.6
5/27/2020,Rockport,76,1159.56
5/27/2020,Rowe,0,0
5/27/2020,Rowley,34,550.73
5/27/2020,Royalston,,
5/27/2020,Russell,11,582.93
5/27/2020,Rutland,47,521.7
5/27/2020,Salem,585,1299.46
5/27/2020,Salisbury,50,565.57
5/27/2020,Sandisfield,,
5/27/2020,Sandwich,88,418.36
5/27/2020,Saugus,506,1780.1
5/27/2020,Savoy,,
5/27/2020,Scituate,147,811.19
5/27/2020,Seekonk,74,528.48
5/27/2020,Sharon,131,715.43
5/27/2020,Sheffield,15,485.9
5/27/2020,Shelburne,8,432.6
5/27/2020,Sherborn,13,338.78
5/27/2020,Shirley,167,1981.24
5/27/2020,Shrewsbury,306,776.67
5/27/2020,Shutesbury,,
5/27/2020,Somerset,187,1010.4
5/27/2020,Somerville,846,1105.33
5/27/2020,South Hadley,134,740.37
5/27/2020,Southampton,29,482.89
5/27/2020,Southborough,39,401.12
5/27/2020,Southbridge,119,706.51
5/27/2020,Southwick,47,479.92
5/27/2020,Spencer,46,399.3
5/27/2020,Springfield,2432,1536
5/27/2020,Sterling,114,1447.92
5/27/2020,Stockbridge,14,802.96
5/27/2020,Stoneham,354,1587.16
5/27/2020,Stoughton,576,2082.61
5/27/2020,Stow,28,388.36
5/27/2020,Sturbridge,34,325.61
5/27/2020,Sudbury,181,1010.95
5/27/2020,Sunderland,9,236.75
5/27/2020,Sutton,47,523.12
5/27/2020,Swampscott,122,890.08
5/27/2020,Swansea,113,707.6
5/27/2020,Taunton,894,1560.79
5/27/2020,Templeton,116,1298.85
5/27/2020,Tewksbury,560,1818.73
5/27/2020,Tisbury,6,144.18
5/27/2020,Tolland,,
5/27/2020,Topsfield,109,1865.18
5/27/2020,Townsend,30,327.91
5/27/2020,Truro,9,455.74
5/27/2020,Tyngsborough,83,692.19
5/27/2020,Tyringham,,
5/27/2020,Upton,24,265.46
5/27/2020,Uxbridge,65,421.71
5/27/2020,Wakefield,293,1084.99
5/27/2020,Wales,,
5/27/2020,Walpole,224,864.84
5/27/2020,Waltham,1123,1684.68
5/27/2020,Ware,26,256.44
5/27/2020,Wareham,200,835.05
5/27/2020,Warren,18,331.98
5/27/2020,Warwick,0,0
5/27/2020,Washington,,
5/27/2020,Watertown,358,1079.2
5/27/2020,Wayland,103,775.49
5/27/2020,Webster,163,948.17
5/27/2020,Wellesley,218,733.15
5/27/2020,Wellfleet,5,181.25
5/27/2020,Wendell,0,0
5/27/2020,Wenham,19,364.96
5/27/2020,West Boylston,41,522.28
5/27/2020,West Bridgewater,140,1931.7
5/27/2020,West Brookfield,16,431.32
5/27/2020,West Newbury,8,196.01
5/27/2020,West Springfield,334,1133.85
5/27/2020,West Stockbridge,,
5/27/2020,West Tisbury,7,242.81
5/27/2020,Westborough,323,1714.24
5/27/2020,Westfield,427,1026.97
5/27/2020,Westford,132,570.46
5/27/2020,Westhampton,5,293.92
5/27/2020,Westminster,29,395.52
5/27/2020,Weston,106,955.49
5/27/2020,Westport,75,450.62
5/27/2020,Westwood,120,814.15
5/27/2020,Weymouth,672,1198.64
5/27/2020,Whately,,
5/27/2020,Whitman,178,1154.36
5/27/2020,Wilbraham,210,1444.05
5/27/2020,Williamsburg,10,405.37
5/27/2020,Williamstown,83,1126.38
5/27/2020,Wilmington,314,1288.3
5/27/2020,Winchendon,81,753.72
5/27/2020,Winchester,106,474.83
5/27/2020,Windsor,0,0
5/27/2020,Winthrop,240,1273.4
5/27/2020,Woburn,557,1342.46
5/27/2020,Worcester,4681,2439.69
5/27/2020,Worthington,0,0
5/27/2020,Wrentham,186,1649.74
5/27/2020,Yarmouth,107,445.4
5/27/2020,Unknown,302,
5/27/2020,State Total,94220,1352.42
6/3/2020,Abington,230,1280.56
6/3/2020,Acton,152,640.48
6/3/2020,Acushnet,86,822.7
6/3/2020,Adams,35,422.67
6/3/2020,Agawam,440,1538.23
6/3/2020,Alford,,
6/3/2020,Amesbury,170,1021.3
6/3/2020,Amherst,93,229.64
6/3/2020,Andover,299,830.21
6/3/2020,Aquinnah,0,0
6/3/2020,Arlington,301,657.08
6/3/2020,Ashburnham,30,477.71
6/3/2020,Ashby,15,433.84
6/3/2020,Ashfield,,
6/3/2020,Ashland,243,1246.62
6/3/2020,Athol,58,484.74
6/3/2020,Attleboro,625,1350.83
6/3/2020,Auburn,205,1243
6/3/2020,Avon,68,1552.27
6/3/2020,Ayer,114,1410.89
6/3/2020,Barnstable,349,778.23
6/3/2020,Barre,56,1007.6
6/3/2020,Becket,12,666.5
6/3/2020,Bedford,254,1705.11
6/3/2020,Belchertown,96,602.91
6/3/2020,Bellingham,123,688.06
6/3/2020,Belmont,229,838.64
6/3/2020,Berkley,66,973.43
6/3/2020,Berlin,22,688.95
6/3/2020,Bernardston,6,286.94
6/3/2020,Beverly,581,1411.34
6/3/2020,Billerica,515,1181.65
6/3/2020,Blackstone,44,486.49
6/3/2020,Blandford,,
6/3/2020,Bolton,12,237.5
6/3/2020,Boston,13417,1930.59
6/3/2020,Bourne,151,721.8
6/3/2020,Boxborough,24,469.89
6/3/2020,Boxford,39,505.36
6/3/2020,Boylston,19,423.27
6/3/2020,Braintree,793,2014.75
6/3/2020,Brewster,98,988.67
6/3/2020,Bridgewater,345,1212.78
6/3/2020,Brimfield,6,161.06
6/3/2020,Brockton,4064,4136.46
6/3/2020,Brookfield,20,546.19
6/3/2020,Brookline,365,566.91
6/3/2020,Buckland,8,430
6/3/2020,Burlington,258,933.31
6/3/2020,Cambridge,948,840.53
6/3/2020,Canton,282,1222.65
6/3/2020,Carlisle,15,314.55
6/3/2020,Carver,57,468.12
6/3/2020,Charlemont,,
6/3/2020,Charlton,67,476.12
6/3/2020,Chatham,13,221.99
6/3/2020,Chelmsford,320,889.34
6/3/2020,Chelsea,2779,7378.28
6/3/2020,Cheshire,,
6/3/2020,Chester,,
6/3/2020,Chesterfield,,
6/3/2020,Chicopee,407,713.85
6/3/2020,Chilmark,,
6/3/2020,Clarksburg,7,415.82
6/3/2020,Clinton,227,1612.76
6/3/2020,Cohasset,24,324.35
6/3/2020,Colrain,,
6/3/2020,Concord,170,907.88
6/3/2020,Conway,,
6/3/2020,Cummington,,
6/3/2020,Dalton,9,137.99
6/3/2020,Danvers,706,2472.35
6/3/2020,Dartmouth,365,991.32
6/3/2020,Dedham,371,1367.75
6/3/2020,Deerfield,8,150.02
6/3/2020,Dennis,94,710.85
6/3/2020,Dighton,57,726.51
6/3/2020,Douglas,44,468.1
6/3/2020,Dover,18,345.41
6/3/2020,Dracut,447,1383.67
6/3/2020,Dudley,76,613.7
6/3/2020,Dunstable,10,300.12
6/3/2020,Duxbury,102,674.01
6/3/2020,East Bridgewater,174,1179.15
6/3/2020,East Brookfield,10,446.14
6/3/2020,East Longmeadow,267,1578.53
6/3/2020,Eastham,10,215.22
6/3/2020,Easthampton,79,487.25
6/3/2020,Easton,259,1092.91
6/3/2020,Edgartown,7,170.66
6/3/2020,Egremont,5,456.27
6/3/2020,Erving,6,286.53
6/3/2020,Essex,23,618.17
6/3/2020,Everett,1647,3393.33
6/3/2020,Fairhaven,227,1416.05
6/3/2020,Fall River,1363,1523.8
6/3/2020,Falmouth,185,591.97
6/3/2020,Fitchburg,758,1798.22
6/3/2020,Florida,,
6/3/2020,Foxborough,110,607.3
6/3/2020,Framingham,1681,2257.4
6/3/2020,Franklin,124,366.73
6/3/2020,Freetown,89,983.61
6/3/2020,Gardner,190,950.48
6/3/2020,Georgetown,54,604.44
6/3/2020,Gill,,
6/3/2020,Gloucester,251,876.86
6/3/2020,Goshen,,
6/3/2020,Gosnold,0,0
6/3/2020,Grafton,94,471.31
6/3/2020,Granby,28,455.91
6/3/2020,Granville,10,642.55
6/3/2020,Great Barrington,72,1059.49
6/3/2020,Greenfield,193,1111.47
6/3/2020,Groton,40,343.48
6/3/2020,Groveland,30,439
6/3/2020,Hadley,42,730.39
6/3/2020,Halifax,55,719.76
6/3/2020,Hamilton,31,414.77
6/3/2020,Hampden,83,1679.9
6/3/2020,Hancock,,
6/3/2020,Hanover,67,467.72
6/3/2020,Hanson,98,915.31
6/3/2020,Hardwick,9,271.78
6/3/2020,Harvard,17,245.4
6/3/2020,Harwich,121,963.14
6/3/2020,Hatfield,16,492.74
6/3/2020,Haverhill,1135,1723.73
6/3/2020,Hawley,0,0
6/3/2020,Heath,0,0
6/3/2020,Hingham,257,1080.39
6/3/2020,Hinsdale,,
6/3/2020,Holbrook,187,1655.59
6/3/2020,Holden,102,540.8
6/3/2020,Holland,8,312.46
6/3/2020,Holliston,56,406.25
6/3/2020,Holyoke,842,2043.47
6/3/2020,Hopedale,39,686.74
6/3/2020,Hopkinton,119,729.42
6/3/2020,Hubbardston,5,107.28
6/3/2020,Hudson,179,854.56
6/3/2020,Hull,48,486
6/3/2020,Huntington,14,633.09
6/3/2020,Ipswich,66,490.82
6/3/2020,Kingston,131,965.84
6/3/2020,Lakeville,55,487.13
6/3/2020,Lancaster,87,1015.43
6/3/2020,Lanesborough,8,262.63
6/3/2020,Lawrence,3163,3587.15
6/3/2020,Lee,18,306.13
6/3/2020,Leicester,147,1305.06
6/3/2020,Lenox,13,266.47
6/3/2020,Leominster,613,1510.15
6/3/2020,Leverett,,
6/3/2020,Lexington,316,928.18
6/3/2020,Leyden,0,0
6/3/2020,Lincoln,36,416.04
6/3/2020,Littleton,99,1018.71
6/3/2020,Longmeadow,204,1315.3
6/3/2020,Lowell,2671,2285.67
6/3/2020,Ludlow,118,565.57
6/3/2020,Lunenburg,60,576.54
6/3/2020,Lynn,3430,3399.3
6/3/2020,Lynnfield,90,772.6
6/3/2020,Malden,1151,1698.8
6/3/2020,Manchester,19,384.12
6/3/2020,Mansfield,158,668.47
6/3/2020,Marblehead,224,1165.6
6/3/2020,Marion,13,280.14
6/3/2020,Marlborough,938,2159.35
6/3/2020,Marshfield,157,607.13
6/3/2020,Mashpee,54,351.15
6/3/2020,Mattapoisett,31,536.2
6/3/2020,Maynard,69,661.26
6/3/2020,Medfield,35,307.01
6/3/2020,Medford,994,1634.48
6/3/2020,Medway,113,863.92
6/3/2020,Melrose,239,826.36
6/3/2020,Mendon,27,466.07
6/3/2020,Merrimac,34,532.08
6/3/2020,Methuen,939,1753.47
6/3/2020,Middleborough,258,958.33
6/3/2020,Middlefield,0,0
6/3/2020,Middleton,160,1550.49
6/3/2020,Milford,617,2105.57
6/3/2020,Millbury,205,1501.05
6/3/2020,Millis,47,595.26
6/3/2020,Millville,15,422.45
6/3/2020,Milton,295,1030.4
6/3/2020,Monroe,0,0
6/3/2020,Monson,34,403.07
6/3/2020,Montague,25,292.45
6/3/2020,Monterey,0,0
6/3/2020,Montgomery,,
6/3/2020,Mount Washington,0,0
6/3/2020,Nahant,39,1191.96
6/3/2020,Nantucket,13,114.64
6/3/2020,Natick,412,1146.91
6/3/2020,Needham,318,1084.87
6/3/2020,New Ashford,0,0
6/3/2020,New Bedford,1910,1918.54
6/3/2020,New Braintree,,
6/3/2020,New Marlborough,6,392.17
6/3/2020,New Salem,,
6/3/2020,Newbury,13,195.53
6/3/2020,Newburyport,81,454.96
6/3/2020,Newton,760,828.54
6/3/2020,Norfolk,24,194.4
6/3/2020,North Adams,46,352.3
6/3/2020,North Andover,326,1077.74
6/3/2020,North Attleborough,248,820.78
6/3/2020,North Brookfield,14,301.29
6/3/2020,North Reading,184,1112.81
6/3/2020,Northampton,269,920.24
6/3/2020,Northborough,220,1606.92
6/3/2020,Northbridge,304,1690.36
6/3/2020,Northfield,,
6/3/2020,Norton,126,634.35
6/3/2020,Norwell,119,1111.64
6/3/2020,Norwood,563,1869.67
6/3/2020,Oak Bluffs,5,96.73
6/3/2020,Oakham,6,283.98
6/3/2020,Orange,39,477.78
6/3/2020,Orleans,16,283.29
6/3/2020,Otis,,
6/3/2020,Oxford,67,486.12
6/3/2020,Palmer,45,378.33
6/3/2020,Paxton,31,626.36
6/3/2020,Peabody,947,1698.18
6/3/2020,Pelham,,
6/3/2020,Pembroke,89,476.62
6/3/2020,Pepperell,49,398.99
6/3/2020,Peru,,
6/3/2020,Petersham,7,552.57
6/3/2020,Phillipston,15,875.04
6/3/2020,Pittsfield,168,379.42
6/3/2020,Plainfield,,
6/3/2020,Plainville,64,701.47
6/3/2020,Plymouth,545,878.52
6/3/2020,Plympton,9,301.1
6/3/2020,Princeton,6,183.92
6/3/2020,Provincetown,22,838.46
6/3/2020,Quincy,1107,1094.52
6/3/2020,Randolph,912,2665.18
6/3/2020,Raynham,227,1519.71
6/3/2020,Reading,291,1058.8
6/3/2020,Rehoboth,58,459.74
6/3/2020,Revere,1667,2736.54
6/3/2020,Richmond,5,376.53
6/3/2020,Rochester,33,585.36
6/3/2020,Rockland,284,1574.59
6/3/2020,Rockport,76,1159.56
6/3/2020,Rowe,0,0
6/3/2020,Rowley,39,631.72
6/3/2020,Royalston,,
6/3/2020,Russell,11,582.93
6/3/2020,Rutland,52,577.2
6/3/2020,Salem,607,1348.33
6/3/2020,Salisbury,51,576.88
6/3/2020,Sandisfield,,
6/3/2020,Sandwich,90,427.86
6/3/2020,Saugus,526,1850.46
6/3/2020,Savoy,,
6/3/2020,Scituate,173,954.67
6/3/2020,Seekonk,76,542.77
6/3/2020,Sharon,142,775.5
6/3/2020,Sheffield,15,485.9
6/3/2020,Shelburne,8,432.6
6/3/2020,Sherborn,13,338.78
6/3/2020,Shirley,173,2052.42
6/3/2020,Shrewsbury,307,779.21
6/3/2020,Shutesbury,,
6/3/2020,Somerset,197,1064.43
6/3/2020,Somerville,882,1152.36
6/3/2020,South Hadley,137,756.94
6/3/2020,Southampton,29,482.89
6/3/2020,Southborough,40,411.41
6/3/2020,Southbridge,133,789.63
6/3/2020,Southwick,48,490.13
6/3/2020,Spencer,48,416.66
6/3/2020,Springfield,2573,1625.06
6/3/2020,Sterling,114,1447.92
6/3/2020,Stockbridge,14,802.96
6/3/2020,Stoneham,363,1627.51
6/3/2020,Stoughton,591,2136.85
6/3/2020,Stow,28,388.36
6/3/2020,Sturbridge,36,344.76
6/3/2020,Sudbury,188,1050.05
6/3/2020,Sunderland,9,236.75
6/3/2020,Sutton,51,567.64
6/3/2020,Swampscott,123,897.37
6/3/2020,Swansea,126,789
6/3/2020,Taunton,934,1630.62
6/3/2020,Templeton,119,1332.44
6/3/2020,Tewksbury,574,1864.2
6/3/2020,Tisbury,7,168.21
6/3/2020,Tolland,,
6/3/2020,Topsfield,110,1882.29
6/3/2020,Townsend,30,327.91
6/3/2020,Truro,9,455.74
6/3/2020,Tyngsborough,86,717.21
6/3/2020,Tyringham,,
6/3/2020,Upton,24,265.46
6/3/2020,Uxbridge,67,434.69
6/3/2020,Wakefield,299,1107.21
6/3/2020,Wales,,
6/3/2020,Walpole,227,876.42
6/3/2020,Waltham,1170,1755.19
6/3/2020,Ware,28,276.17
6/3/2020,Wareham,208,868.45
6/3/2020,Warren,19,350.43
6/3/2020,Warwick,0,0
6/3/2020,Washington,,
6/3/2020,Watertown,367,1106.33
6/3/2020,Wayland,107,805.6
6/3/2020,Webster,189,1099.41
6/3/2020,Wellesley,223,749.97
6/3/2020,Wellfleet,,
6/3/2020,Wendell,0,0
6/3/2020,Wenham,19,364.96
6/3/2020,West Boylston,41,522.28
6/3/2020,West Bridgewater,143,1973.09
6/3/2020,West Brookfield,17,458.27
6/3/2020,West Newbury,8,196.01
6/3/2020,West Springfield,352,1194.96
6/3/2020,West Stockbridge,5,418.16
6/3/2020,West Tisbury,7,242.81
6/3/2020,Westborough,333,1767.31
6/3/2020,Westfield,428,1029.38
6/3/2020,Westford,134,579.1
6/3/2020,Westhampton,5,293.92
6/3/2020,Westminster,32,436.43
6/3/2020,Weston,106,955.49
6/3/2020,Westport,87,522.71
6/3/2020,Westwood,122,827.72
6/3/2020,Weymouth,682,1216.48
6/3/2020,Whately,,
6/3/2020,Whitman,185,1199.76
6/3/2020,Wilbraham,216,1485.31
6/3/2020,Williamsburg,10,405.37
6/3/2020,Williamstown,83,1126.38
6/3/2020,Wilmington,323,1325.23
6/3/2020,Winchendon,87,809.56
6/3/2020,Winchester,113,506.19
6/3/2020,Windsor,0,0
6/3/2020,Winthrop,245,1299.93
6/3/2020,Woburn,586,1412.36
6/3/2020,Worcester,4910,2559.04
6/3/2020,Worthington,0,0
6/3/2020,Wrentham,189,1676.35
6/3/2020,Yarmouth,108,449.56
6/3/2020,Unknown,271,
6/3/2020,State Total,97964,1406.16
6/10/2020,Abington,232,1291.69
6/10/2020,Acton,154,648.91
6/10/2020,Acushnet,87,832.26
6/10/2020,Adams,35,422.67
6/10/2020,Agawam,449,1569.69
6/10/2020,Alford,,
6/10/2020,Amesbury,173,1039.33
6/10/2020,Amherst,91,224.7
6/10/2020,Andover,301,835.76
6/10/2020,Aquinnah,0,0
6/10/2020,Arlington,305,665.81
6/10/2020,Ashburnham,30,477.71
6/10/2020,Ashby,15,433.84
6/10/2020,Ashfield,,
6/10/2020,Ashland,246,1262.01
6/10/2020,Athol,62,518.17
6/10/2020,Attleboro,646,1396.22
6/10/2020,Auburn,209,1267.25
6/10/2020,Avon,70,1597.92
6/10/2020,Ayer,121,1497.53
6/10/2020,Barnstable,359,800.53
6/10/2020,Barre,58,1043.58
6/10/2020,Becket,14,777.58
6/10/2020,Bedford,247,1658.12
6/10/2020,Belchertown,100,628.03
6/10/2020,Bellingham,124,693.65
6/10/2020,Belmont,229,838.64
6/10/2020,Berkley,68,1002.93
6/10/2020,Berlin,20,626.32
6/10/2020,Bernardston,6,286.94
6/10/2020,Beverly,598,1452.63
6/10/2020,Billerica,526,1206.89
6/10/2020,Blackstone,45,497.55
6/10/2020,Blandford,,
6/10/2020,Bolton,11,217.71
6/10/2020,Boston,13609,1958.22
6/10/2020,Bourne,152,726.58
6/10/2020,Boxborough,24,469.89
6/10/2020,Boxford,39,505.36
6/10/2020,Boylston,21,467.82
6/10/2020,Braintree,804,2042.7
6/10/2020,Brewster,100,1008.84
6/10/2020,Bridgewater,352,1237.39
6/10/2020,Brimfield,6,161.06
6/10/2020,Brockton,4136,4209.74
6/10/2020,Brookfield,19,518.88
6/10/2020,Brookline,373,579.33
6/10/2020,Buckland,8,430
6/10/2020,Burlington,263,951.4
6/10/2020,Cambridge,962,852.94
6/10/2020,Canton,284,1231.32
6/10/2020,Carlisle,15,314.55
6/10/2020,Carver,57,468.12
6/10/2020,Charlemont,,
6/10/2020,Charlton,70,497.44
6/10/2020,Chatham,14,239.07
6/10/2020,Chelmsford,324,900.46
6/10/2020,Chelsea,2839,7537.58
6/10/2020,Cheshire,,
6/10/2020,Chester,,
6/10/2020,Chesterfield,,
6/10/2020,Chicopee,415,727.88
6/10/2020,Chilmark,,
6/10/2020,Clarksburg,7,415.82
6/10/2020,Clinton,238,1690.91
6/10/2020,Cohasset,24,324.35
6/10/2020,Colrain,,
6/10/2020,Concord,170,907.88
6/10/2020,Conway,,
6/10/2020,Cummington,,
6/10/2020,Dalton,9,137.99
6/10/2020,Danvers,717,2510.87
6/10/2020,Dartmouth,373,1013.05
6/10/2020,Dedham,394,1452.54
6/10/2020,Deerfield,9,168.77
6/10/2020,Dennis,93,703.29
6/10/2020,Dighton,63,802.98
6/10/2020,Douglas,45,478.74
6/10/2020,Dover,18,345.41
6/10/2020,Dracut,455,1408.44
6/10/2020,Dudley,84,678.3
6/10/2020,Dunstable,10,300.12
6/10/2020,Duxbury,106,700.44
6/10/2020,East Bridgewater,176,1192.7
6/10/2020,East Brookfield,14,624.6
6/10/2020,East Longmeadow,270,1596.26
6/10/2020,Eastham,10,215.22
6/10/2020,Easthampton,80,493.41
6/10/2020,Easton,263,1109.79
6/10/2020,Edgartown,7,170.66
6/10/2020,Egremont,5,456.27
6/10/2020,Erving,6,286.53
6/10/2020,Essex,23,618.17
6/10/2020,Everett,1692,3486.04
6/10/2020,Fairhaven,236,1472.19
6/10/2020,Fall River,1472,1645.66
6/10/2020,Falmouth,186,595.17
6/10/2020,Fitchburg,775,1838.55
6/10/2020,Florida,,
6/10/2020,Foxborough,112,618.35
6/10/2020,Framingham,1700,2282.91
6/10/2020,Franklin,128,378.56
6/10/2020,Freetown,89,983.61
6/10/2020,Gardner,189,945.48
6/10/2020,Georgetown,55,615.64
6/10/2020,Gill,,
6/10/2020,Gloucester,252,880.35
6/10/2020,Goshen,,
6/10/2020,Gosnold,0,0
6/10/2020,Grafton,92,461.28
6/10/2020,Granby,28,455.91
6/10/2020,Granville,10,642.55
6/10/2020,Great Barrington,72,1059.49
6/10/2020,Greenfield,198,1140.26
6/10/2020,Groton,40,343.48
6/10/2020,Groveland,32,468.27
6/10/2020,Hadley,42,730.39
6/10/2020,Halifax,56,732.85
6/10/2020,Hamilton,36,481.67
6/10/2020,Hampden,87,1760.86
6/10/2020,Hancock,,
6/10/2020,Hanover,69,481.68
6/10/2020,Hanson,103,962.01
6/10/2020,Hardwick,9,271.78
6/10/2020,Harvard,17,245.4
6/10/2020,Harwich,120,955.18
6/10/2020,Hatfield,16,492.74
6/10/2020,Haverhill,1180,1792.07
6/10/2020,Hawley,0,0
6/10/2020,Heath,0,0
6/10/2020,Hingham,265,1114.02
6/10/2020,Hinsdale,,
6/10/2020,Holbrook,191,1691.01
6/10/2020,Holden,111,588.52
6/10/2020,Holland,8,312.46
6/10/2020,Holliston,56,406.25
6/10/2020,Holyoke,877,2128.41
6/10/2020,Hopedale,40,704.35
6/10/2020,Hopkinton,120,735.54
6/10/2020,Hubbardston,6,128.74
6/10/2020,Hudson,182,868.88
6/10/2020,Hull,49,496.13
6/10/2020,Huntington,14,633.09
6/10/2020,Ipswich,70,520.57
6/10/2020,Kingston,134,987.95
6/10/2020,Lakeville,56,495.98
6/10/2020,Lancaster,101,1178.83
6/10/2020,Lanesborough,8,262.63
6/10/2020,Lawrence,3339,3786.75
6/10/2020,Lee,19,323.14
6/10/2020,Leicester,147,1305.06
6/10/2020,Lenox,13,266.47
6/10/2020,Leominster,658,1621.01
6/10/2020,Leverett,,
6/10/2020,Lexington,317,931.12
6/10/2020,Leyden,0,0
6/10/2020,Lincoln,37,427.6
6/10/2020,Littleton,99,1018.71
6/10/2020,Longmeadow,208,1341.09
6/10/2020,Lowell,2757,2359.26
6/10/2020,Ludlow,119,570.36
6/10/2020,Lunenburg,61,586.15
6/10/2020,Lynn,3503,3471.64
6/10/2020,Lynnfield,93,798.35
6/10/2020,Malden,1170,1726.84
6/10/2020,Manchester,19,384.12
6/10/2020,Mansfield,161,681.16
6/10/2020,Marblehead,225,1170.8
6/10/2020,Marion,13,280.14
6/10/2020,Marlborough,952,2191.58
6/10/2020,Marshfield,160,618.73
6/10/2020,Mashpee,56,364.16
6/10/2020,Mattapoisett,34,588.09
6/10/2020,Maynard,69,661.26
6/10/2020,Medfield,36,315.78
6/10/2020,Medford,1013,1665.72
6/10/2020,Medway,118,902.14
6/10/2020,Melrose,241,833.27
6/10/2020,Mendon,30,517.86
6/10/2020,Merrimac,35,547.73
6/10/2020,Methuen,970,1811.36
6/10/2020,Middleborough,260,965.76
6/10/2020,Middlefield,0,0
6/10/2020,Middleton,161,1560.18
6/10/2020,Milford,631,2153.34
6/10/2020,Millbury,204,1493.73
6/10/2020,Millis,47,595.26
6/10/2020,Millville,17,478.77
6/10/2020,Milton,297,1037.38
6/10/2020,Monroe,0,0
6/10/2020,Monson,34,403.07
6/10/2020,Montague,25,292.45
6/10/2020,Monterey,0,0
6/10/2020,Montgomery,,
6/10/2020,Mount Washington,0,0
6/10/2020,Nahant,39,1191.96
6/10/2020,Nantucket,13,114.64
6/10/2020,Natick,412,1146.91
6/10/2020,Needham,325,1108.75
6/10/2020,New Ashford,0,0
6/10/2020,New Bedford,1991,1999.9
6/10/2020,New Braintree,,
6/10/2020,New Marlborough,7,457.53
6/10/2020,New Salem,,
6/10/2020,Newbury,13,195.53
6/10/2020,Newburyport,94,527.98
6/10/2020,Newton,767,836.17
6/10/2020,Norfolk,25,202.5
6/10/2020,North Adams,46,352.3
6/10/2020,North Andover,337,1114.1
6/10/2020,North Attleborough,248,820.78
6/10/2020,North Brookfield,15,322.81
6/10/2020,North Reading,186,1124.9
6/10/2020,Northampton,269,920.24
6/10/2020,Northborough,222,1621.53
6/10/2020,Northbridge,308,1712.6
6/10/2020,Northfield,,
6/10/2020,Norton,130,654.49
6/10/2020,Norwell,119,1111.64
6/10/2020,Norwood,568,1886.28
6/10/2020,Oak Bluffs,5,96.73
6/10/2020,Oakham,6,283.98
6/10/2020,Orange,40,490.03
6/10/2020,Orleans,16,283.29
6/10/2020,Otis,,
6/10/2020,Oxford,73,529.65
6/10/2020,Palmer,45,378.33
6/10/2020,Paxton,32,646.56
6/10/2020,Peabody,963,1726.87
6/10/2020,Pelham,,
6/10/2020,Pembroke,91,487.33
6/10/2020,Pepperell,50,407.14
6/10/2020,Peru,,
6/10/2020,Petersham,7,552.57
6/10/2020,Phillipston,15,875.04
6/10/2020,Pittsfield,168,379.42
6/10/2020,Plainfield,,
6/10/2020,Plainville,64,701.47
6/10/2020,Plymouth,573,923.66
6/10/2020,Plympton,9,301.1
6/10/2020,Princeton,6,183.92
6/10/2020,Provincetown,22,838.46
6/10/2020,Quincy,1112,1099.46
6/10/2020,Randolph,926,2706.1
6/10/2020,Raynham,232,1553.19
6/10/2020,Reading,291,1058.8
6/10/2020,Rehoboth,60,475.59
6/10/2020,Revere,1701,2792.35
6/10/2020,Richmond,5,376.53
6/10/2020,Rochester,34,603.09
6/10/2020,Rockland,288,1596.77
6/10/2020,Rockport,78,1190.08
6/10/2020,Rowe,0,0
6/10/2020,Rowley,42,680.32
6/10/2020,Royalston,,
6/10/2020,Russell,11,582.93
6/10/2020,Rutland,52,577.2
6/10/2020,Salem,615,1366.1
6/10/2020,Salisbury,52,588.2
6/10/2020,Sandisfield,,
6/10/2020,Sandwich,92,437.37
6/10/2020,Saugus,545,1917.3
6/10/2020,Savoy,,
6/10/2020,Scituate,177,976.74
6/10/2020,Seekonk,80,571.33
6/10/2020,Sharon,147,802.81
6/10/2020,Sheffield,15,485.9
6/10/2020,Shelburne,8,432.6
6/10/2020,Sherborn,13,338.78
6/10/2020,Shirley,174,2064.28
6/10/2020,Shrewsbury,312,791.9
6/10/2020,Shutesbury,,
6/10/2020,Somerset,201,1086.04
6/10/2020,Somerville,904,1181.11
6/10/2020,South Hadley,142,784.57
6/10/2020,Southampton,29,482.89
6/10/2020,Southborough,41,421.69
6/10/2020,Southbridge,150,890.56
6/10/2020,Southwick,48,490.13
6/10/2020,Spencer,49,425.34
6/10/2020,Springfield,2650,1673.69
6/10/2020,Sterling,118,1498.73
6/10/2020,Stockbridge,14,802.96
6/10/2020,Stoneham,367,1645.45
6/10/2020,Stoughton,597,2158.54
6/10/2020,Stow,28,388.36
6/10/2020,Sturbridge,40,383.06
6/10/2020,Sudbury,191,1066.81
6/10/2020,Sunderland,9,236.75
6/10/2020,Sutton,53,589.9
6/10/2020,Swampscott,127,926.56
6/10/2020,Swansea,129,807.79
6/10/2020,Taunton,951,1660.3
6/10/2020,Templeton,121,1354.84
6/10/2020,Tewksbury,575,1867.45
6/10/2020,Tisbury,7,168.21
6/10/2020,Tolland,,
6/10/2020,Topsfield,111,1899.4
6/10/2020,Townsend,31,338.84
6/10/2020,Truro,9,455.74
6/10/2020,Tyngsborough,89,742.23
6/10/2020,Tyringham,,
6/10/2020,Upton,24,265.46
6/10/2020,Uxbridge,73,473.62
6/10/2020,Wakefield,307,1136.83
6/10/2020,Wales,,
6/10/2020,Walpole,229,884.15
6/10/2020,Waltham,1190,1785.19
6/10/2020,Ware,30,295.89
6/10/2020,Wareham,210,876.8
6/10/2020,Warren,21,387.31
6/10/2020,Warwick,0,0
6/10/2020,Washington,,
6/10/2020,Watertown,368,1109.35
6/10/2020,Wayland,106,798.07
6/10/2020,Webster,204,1186.67
6/10/2020,Wellesley,228,766.78
6/10/2020,Wellfleet,,
6/10/2020,Wendell,0,0
6/10/2020,Wenham,19,364.96
6/10/2020,West Boylston,43,547.76
6/10/2020,West Bridgewater,145,2000.68
6/10/2020,West Brookfield,17,458.27
6/10/2020,West Newbury,8,196.01
6/10/2020,West Springfield,356,1208.53
6/10/2020,West Stockbridge,5,418.16
6/10/2020,West Tisbury,7,242.81
6/10/2020,Westborough,335,1777.93
6/10/2020,Westfield,430,1034.19
6/10/2020,Westford,136,587.74
6/10/2020,Westhampton,5,293.92
6/10/2020,Westminster,32,436.43
6/10/2020,Weston,108,973.52
6/10/2020,Westport,95,570.78
6/10/2020,Westwood,122,827.72
6/10/2020,Weymouth,690,1230.75
6/10/2020,Whately,5,340.12
6/10/2020,Whitman,182,1180.3
6/10/2020,Wilbraham,219,1505.94
6/10/2020,Williamsburg,10,405.37
6/10/2020,Williamstown,83,1126.38
6/10/2020,Wilmington,325,1333.43
6/10/2020,Winchendon,87,809.56
6/10/2020,Winchester,112,501.71
6/10/2020,Windsor,0,0
6/10/2020,Winthrop,249,1321.15
6/10/2020,Woburn,597,1438.87
6/10/2020,Worcester,5028,2620.54
6/10/2020,Worthington,0,0
6/10/2020,Wrentham,189,1676.35
6/10/2020,Yarmouth,110,457.89
6/10/2020,Unknown,275,
6/10/2020,State Total,100158,1437.65
6/17/2020,Abington,231,1286.12
6/17/2020,Acton,156,657.33
6/17/2020,Acushnet,86,822.7
6/17/2020,Adams,35,422.67
6/17/2020,Agawam,450,1573.19
6/17/2020,Alford,,
6/17/2020,Amesbury,175,1051.34
6/17/2020,Amherst,93,229.64
6/17/2020,Andover,300,832.98
6/17/2020,Aquinnah,,
6/17/2020,Arlington,304,663.63
6/17/2020,Ashburnham,32,509.56
6/17/2020,Ashby,15,433.84
6/17/2020,Ashfield,,
6/17/2020,Ashland,245,1256.88
6/17/2020,Athol,62,518.17
6/17/2020,Attleboro,650,1404.86
6/17/2020,Auburn,213,1291.5
6/17/2020,Avon,72,1643.58
6/17/2020,Ayer,130,1608.91
6/17/2020,Barnstable,359,800.53
6/17/2020,Barre,61,1097.56
6/17/2020,Becket,14,777.58
6/17/2020,Bedford,262,1758.82
6/17/2020,Belchertown,101,634.31
6/17/2020,Bellingham,124,693.65
6/17/2020,Belmont,229,838.64
6/17/2020,Berkley,68,1002.93
6/17/2020,Berlin,20,626.32
6/17/2020,Bernardston,6,286.94
6/17/2020,Beverly,604,1467.21
6/17/2020,Billerica,535,1227.54
6/17/2020,Blackstone,46,508.6
6/17/2020,Blandford,,
6/17/2020,Bolton,11,217.71
6/17/2020,Boston,13783,1983.26
6/17/2020,Bourne,152,726.58
6/17/2020,Boxborough,24,469.89
6/17/2020,Boxford,39,505.36
6/17/2020,Boylston,20,445.55
6/17/2020,Braintree,808,2052.86
6/17/2020,Brewster,103,1039.11
6/17/2020,Bridgewater,356,1251.45
6/17/2020,Brimfield,6,161.06
6/17/2020,Brockton,4172,4246.39
6/17/2020,Brookfield,19,518.88
6/17/2020,Brookline,379,588.65
6/17/2020,Buckland,8,430
6/17/2020,Burlington,264,955.02
6/17/2020,Cambridge,977,866.24
6/17/2020,Canton,282,1222.65
6/17/2020,Carlisle,15,314.55
6/17/2020,Carver,57,468.12
6/17/2020,Charlemont,,
6/17/2020,Charlton,74,525.86
6/17/2020,Chatham,18,307.37
6/17/2020,Chelmsford,331,919.91
6/17/2020,Chelsea,2885,7659.63
6/17/2020,Cheshire,,
6/17/2020,Chester,,
6/17/2020,Chesterfield,,
6/17/2020,Chicopee,422,740.16
6/17/2020,Chilmark,,
6/17/2020,Clarksburg,7,415.82
6/17/2020,Clinton,241,1712.23
6/17/2020,Cohasset,25,337.86
6/17/2020,Colrain,,
6/17/2020,Concord,172,918.56
6/17/2020,Conway,,
6/17/2020,Cummington,,
6/17/2020,Dalton,11,168.66
6/17/2020,Danvers,719,2517.88
6/17/2020,Dartmouth,379,1029.36
6/17/2020,Dedham,399,1470.98
6/17/2020,Deerfield,9,168.77
6/17/2020,Dennis,95,718.41
6/17/2020,Dighton,68,866.71
6/17/2020,Douglas,45,478.74
6/17/2020,Dover,18,345.41
6/17/2020,Dracut,456,1411.53
6/17/2020,Dudley,83,670.23
6/17/2020,Dunstable,10,300.12
6/17/2020,Duxbury,108,713.66
6/17/2020,East Bridgewater,176,1192.7
6/17/2020,East Brookfield,14,624.6
6/17/2020,East Longmeadow,270,1596.26
6/17/2020,Eastham,10,215.22
6/17/2020,Easthampton,82,505.75
6/17/2020,Easton,269,1135.1
6/17/2020,Edgartown,7,170.66
6/17/2020,Egremont,5,456.27
6/17/2020,Erving,6,286.53
6/17/2020,Essex,23,618.17
6/17/2020,Everett,1724,3551.97
6/17/2020,Fairhaven,240,1497.14
6/17/2020,Fall River,1543,1725.04
6/17/2020,Falmouth,195,623.97
6/17/2020,Fitchburg,776,1840.93
6/17/2020,Florida,,
6/17/2020,Foxborough,112,618.35
6/17/2020,Framingham,1707,2292.31
6/17/2020,Franklin,131,387.43
6/17/2020,Freetown,96,1060.97
6/17/2020,Gardner,190,950.48
6/17/2020,Georgetown,55,615.64
6/17/2020,Gill,,
6/17/2020,Gloucester,257,897.82
6/17/2020,Goshen,,
6/17/2020,Gosnold,0,0
6/17/2020,Grafton,94,471.31
6/17/2020,Granby,28,455.91
6/17/2020,Granville,10,642.55
6/17/2020,Great Barrington,72,1059.49
6/17/2020,Greenfield,200,1151.78
6/17/2020,Groton,41,352.07
6/17/2020,Groveland,32,468.27
6/17/2020,Hadley,42,730.39
6/17/2020,Halifax,56,732.85
6/17/2020,Hamilton,36,481.67
6/17/2020,Hampden,91,1841.81
6/17/2020,Hancock,,
6/17/2020,Hanover,70,488.66
6/17/2020,Hanson,105,980.69
6/17/2020,Hardwick,9,271.78
6/17/2020,Harvard,18,259.84
6/17/2020,Harwich,120,955.18
6/17/2020,Hatfield,17,523.54
6/17/2020,Haverhill,1209,1836.11
6/17/2020,Hawley,0,0
6/17/2020,Heath,0,0
6/17/2020,Hingham,269,1130.84
6/17/2020,Hinsdale,,
6/17/2020,Holbrook,194,1717.57
6/17/2020,Holden,115,609.73
6/17/2020,Holland,8,312.46
6/17/2020,Holliston,56,406.25
6/17/2020,Holyoke,899,2181.81
6/17/2020,Hopedale,41,721.96
6/17/2020,Hopkinton,121,741.67
6/17/2020,Hubbardston,6,128.74
6/17/2020,Hudson,185,883.2
6/17/2020,Hull,50,506.25
6/17/2020,Huntington,14,633.09
6/17/2020,Ipswich,71,528
6/17/2020,Kingston,136,1002.7
6/17/2020,Lakeville,58,513.7
6/17/2020,Lancaster,101,1178.83
6/17/2020,Lanesborough,8,262.63
6/17/2020,Lawrence,3443,3904.69
6/17/2020,Lee,20,340.15
6/17/2020,Leicester,149,1322.81
6/17/2020,Lenox,13,266.47
6/17/2020,Leominster,667,1643.18
6/17/2020,Leverett,,
6/17/2020,Lexington,322,945.8
6/17/2020,Leyden,0,0
6/17/2020,Lincoln,38,439.16
6/17/2020,Littleton,99,1018.71
6/17/2020,Longmeadow,213,1373.33
6/17/2020,Lowell,2807,2402.05
6/17/2020,Ludlow,124,594.32
6/17/2020,Lunenburg,61,586.15
6/17/2020,Lynn,3548,3516.24
6/17/2020,Lynnfield,93,798.35
6/17/2020,Malden,1211,1787.36
6/17/2020,Manchester,20,404.34
6/17/2020,Mansfield,163,689.62
6/17/2020,Marblehead,228,1186.41
6/17/2020,Marion,13,280.14
6/17/2020,Marlborough,966,2223.81
6/17/2020,Marshfield,164,634.2
6/17/2020,Mashpee,60,390.17
6/17/2020,Mattapoisett,34,588.09
6/17/2020,Maynard,69,661.26
6/17/2020,Medfield,36,315.78
6/17/2020,Medford,1014,1667.37
6/17/2020,Medway,117,894.5
6/17/2020,Melrose,240,829.81
6/17/2020,Mendon,30,517.86
6/17/2020,Merrimac,36,563.38
6/17/2020,Methuen,995,1858.04
6/17/2020,Middleborough,263,976.9
6/17/2020,Middlefield,0,0
6/17/2020,Middleton,163,1579.56
6/17/2020,Milford,636,2170.41
6/17/2020,Millbury,207,1515.7
6/17/2020,Millis,48,607.93
6/17/2020,Millville,19,535.1
6/17/2020,Milton,299,1044.37
6/17/2020,Monroe,0,0
6/17/2020,Monson,35,414.93
6/17/2020,Montague,27,315.84
6/17/2020,Monterey,0,0
6/17/2020,Montgomery,,
6/17/2020,Mount Washington,0,0
6/17/2020,Nahant,40,1222.52
6/17/2020,Nantucket,13,114.64
6/17/2020,Natick,412,1146.91
6/17/2020,Needham,328,1118.99
6/17/2020,New Ashford,0,0
6/17/2020,New Bedford,2052,2061.17
6/17/2020,New Braintree,,
6/17/2020,New Marlborough,7,457.53
6/17/2020,New Salem,,
6/17/2020,Newbury,14,210.57
6/17/2020,Newburyport,98,550.45
6/17/2020,Newton,765,833.99
6/17/2020,Norfolk,25,202.5
6/17/2020,North Adams,46,352.3
6/17/2020,North Andover,339,1120.71
6/17/2020,North Attleborough,249,824.09
6/17/2020,North Brookfield,16,344.33
6/17/2020,North Reading,187,1130.95
6/17/2020,Northampton,271,927.08
6/17/2020,Northborough,223,1628.83
6/17/2020,Northbridge,310,1723.72
6/17/2020,Northfield,,
6/17/2020,Norton,132,664.56
6/17/2020,Norwell,119,1111.64
6/17/2020,Norwood,568,1886.28
6/17/2020,Oak Bluffs,5,96.73
6/17/2020,Oakham,7,331.31
6/17/2020,Orange,40,490.03
6/17/2020,Orleans,16,283.29
6/17/2020,Otis,,
6/17/2020,Oxford,79,573.18
6/17/2020,Palmer,48,403.55
6/17/2020,Paxton,33,666.77
6/17/2020,Peabody,969,1737.62
6/17/2020,Pelham,,
6/17/2020,Pembroke,91,487.33
6/17/2020,Pepperell,52,423.42
6/17/2020,Peru,,
6/17/2020,Petersham,7,552.57
6/17/2020,Phillipston,15,875.04
6/17/2020,Pittsfield,171,386.2
6/17/2020,Plainfield,,
6/17/2020,Plainville,64,701.47
6/17/2020,Plymouth,595,959.12
6/17/2020,Plympton,11,368.01
6/17/2020,Princeton,6,183.92
6/17/2020,Provincetown,22,838.46
6/17/2020,Quincy,1120,1107.37
6/17/2020,Randolph,938,2741.17
6/17/2020,Raynham,237,1586.66
6/17/2020,Reading,293,1066.08
6/17/2020,Rehoboth,61,483.52
6/17/2020,Revere,1733,2844.89
6/17/2020,Richmond,5,376.53
6/17/2020,Rochester,34,603.09
6/17/2020,Rockland,281,1557.96
6/17/2020,Rockport,82,1251.11
6/17/2020,Rowe,0,0
6/17/2020,Rowley,54,874.69
6/17/2020,Royalston,,
6/17/2020,Russell,11,582.93
6/17/2020,Rutland,52,577.2
6/17/2020,Salem,620,1377.21
6/17/2020,Salisbury,52,588.2
6/17/2020,Sandisfield,,
6/17/2020,Sandwich,93,442.13
6/17/2020,Saugus,553,1945.44
6/17/2020,Savoy,,
6/17/2020,Scituate,184,1015.37
6/17/2020,Seekonk,81,578.48
6/17/2020,Sharon,150,819.19
6/17/2020,Sheffield,15,485.9
6/17/2020,Shelburne,8,432.6
6/17/2020,Sherborn,13,338.78
6/17/2020,Shirley,175,2076.17
6/17/2020,Shrewsbury,315,799.51
6/17/2020,Shutesbury,,
6/17/2020,Somerset,200,1080.64
6/17/2020,Somerville,921,1203.32
6/17/2020,South Hadley,142,784.57
6/17/2020,Southampton,30,499.54
6/17/2020,Southborough,41,421.69
6/17/2020,Southbridge,156,926.19
6/17/2020,Southwick,49,500.34
6/17/2020,Spencer,49,425.34
6/17/2020,Springfield,2697,1703.37
6/17/2020,Sterling,119,1511.43
6/17/2020,Stockbridge,14,802.96
6/17/2020,Stoneham,369,1654.42
6/17/2020,Stoughton,600,2169.39
6/17/2020,Stow,27,374.49
6/17/2020,Sturbridge,42,402.22
6/17/2020,Sudbury,194,1083.56
6/17/2020,Sunderland,9,236.75
6/17/2020,Sutton,53,589.9
6/17/2020,Swampscott,128,933.85
6/17/2020,Swansea,132,826.58
6/17/2020,Taunton,962,1679.51
6/17/2020,Templeton,122,1366.03
6/17/2020,Tewksbury,574,1864.2
6/17/2020,Tisbury,7,168.21
6/17/2020,Tolland,,
6/17/2020,Topsfield,112,1916.52
6/17/2020,Townsend,32,349.77
6/17/2020,Truro,10,506.37
6/17/2020,Tyngsborough,90,750.57
6/17/2020,Tyringham,,
6/17/2020,Upton,24,265.46
6/17/2020,Uxbridge,74,480.11
6/17/2020,Wakefield,309,1144.24
6/17/2020,Wales,,
6/17/2020,Walpole,231,891.87
6/17/2020,Waltham,1218,1827.2
6/17/2020,Ware,31,305.76
6/17/2020,Wareham,210,876.8
6/17/2020,Warren,22,405.76
6/17/2020,Warwick,0,0
6/17/2020,Washington,,
6/17/2020,Watertown,384,1157.58
6/17/2020,Wayland,106,798.07
6/17/2020,Webster,216,1256.47
6/17/2020,Wellesley,231,776.87
6/17/2020,Wellfleet,,
6/17/2020,Wendell,0,0
6/17/2020,Wenham,19,364.96
6/17/2020,West Boylston,43,547.76
6/17/2020,West Bridgewater,142,1959.29
6/17/2020,West Brookfield,18,485.23
6/17/2020,West Newbury,10,245.01
6/17/2020,West Springfield,360,1222.11
6/17/2020,West Stockbridge,5,418.16
6/17/2020,West Tisbury,7,242.81
6/17/2020,Westborough,336,1783.23
6/17/2020,Westfield,433,1041.41
6/17/2020,Westford,138,596.39
6/17/2020,Westhampton,5,293.92
6/17/2020,Westminster,32,436.43
6/17/2020,Weston,108,973.52
6/17/2020,Westport,96,576.79
6/17/2020,Westwood,121,820.93
6/17/2020,Weymouth,698,1245.02
6/17/2020,Whately,5,340.12
6/17/2020,Whitman,186,1206.24
6/17/2020,Wilbraham,221,1519.69
6/17/2020,Williamsburg,10,405.37
6/17/2020,Williamstown,82,1112.81
6/17/2020,Wilmington,326,1337.54
6/17/2020,Winchendon,88,818.86
6/17/2020,Winchester,115,515.15
6/17/2020,Windsor,0,0
6/17/2020,Winthrop,251,1331.76
6/17/2020,Woburn,613,1477.43
6/17/2020,Worcester,5112,2664.32
6/17/2020,Worthington,0,0
6/17/2020,Wrentham,191,1694.09
6/17/2020,Yarmouth,111,462.05
6/17/2020,Unknown,274,
6/17/2020,State Total,101654,1459.12
